"REF_DATE","GEO","DGUID","Household contributions to registered savings accounts (18)","Selected household characteristics (30)","UOM","UOM_ID","SCALAR_FACTOR","SCALAR_ID","VECTOR","COORDINATE","VALUE","STATUS","SYMBOL","TERMINATED","DECIMALS"
"2021","Kitchener - Cambridge - Waterloo (CMA), Ont.","2021S0503541","Total - Household contributions to registered savings accounts","Total - After-tax income of household ","","0","units","0","","78.1.1","219060","","","","0"
"2021","Kitchener - Cambridge - Waterloo (CMA), Ont.","2021S0503541","Total - Household contributions to registered savings accounts","Under $10,000","","0","units","0","","78.1.2","3820","","","","0"
"2021","Kitchener - Cambridge - Waterloo (CMA), Ont.","2021S0503541","Total - Household contributions to registered savings accounts","$10,000 to $19,999","","0","units","0","","78.1.3","5825","","","","0"
"2021","Kitchener - Cambridge - Waterloo (CMA), Ont.","2021S0503541","Total - Household contributions to registered savings accounts","$20,000 to $29,999","","0","units","0","","78.1.4","13740","","","","0"
"2021","Kitchener - Cambridge - Waterloo (CMA), Ont.","2021S0503541","Total - Household contributions to registered savings accounts","$30,000 to $39,999","","0","units","0","","78.1.5","14935","","","","0"
"2021","Kitchener - Cambridge - Waterloo (CMA), Ont.","2021S0503541","Total - Household contributions to registered savings accounts","$40,000 to $49,999","","0","units","0","","78.1.6","17730","","","","0"
"2021","Kitchener - Cambridge - Waterloo (CMA), Ont.","2021S0503541","Total - Household contributions to registered savings accounts","$50,000 to $59,999","","0","units","0","","78.1.7","17655","","","","0"
"2021","Kitchener - Cambridge - Waterloo (CMA), Ont.","2021S0503541","Total - Household contributions to registered savings accounts","$60,000 to $69,999","","0","units","0","","78.1.8","17755","","","","0"
"2021","Kitchener - Cambridge - Waterloo (CMA), Ont.","2021S0503541","Total - Household contributions to registered savings accounts","$70,000 to $79,999","","0","units","0","","78.1.9","16780","","","","0"
"2021","Kitchener - Cambridge - Waterloo (CMA), Ont.","2021S0503541","Total - Household contributions to registered savings accounts","$80,000 to $89,999","","0","units","0","","78.1.10","16055","","","","0"
"2021","Kitchener - Cambridge - Waterloo (CMA), Ont.","2021S0503541","Total - Household contributions to registered savings accounts","$90,000 to $99,999","","0","units","0","","78.1.11","14640","","","","0"
"2021","Kitchener - Cambridge - Waterloo (CMA), Ont.","2021S0503541","Total - Household contributions to registered savings accounts","$100,000 and over ","","0","units","0","","78.1.12","80125","","","","0"
"2021","Kitchener - Cambridge - Waterloo (CMA), Ont.","2021S0503541","Total - Household contributions to registered savings accounts","$100,000 to $149,999","","0","units","0","","78.1.13","49030","","","","0"
"2021","Kitchener - Cambridge - Waterloo (CMA), Ont.","2021S0503541","Total - Household contributions to registered savings accounts","$150,000 to $199,999","","0","units","0","","78.1.14","19545","","","","0"
"2021","Kitchener - Cambridge - Waterloo (CMA), Ont.","2021S0503541","Total - Household contributions to registered savings accounts","$200,000 to $249,999","","0","units","0","","78.1.15","6810","","","","0"
"2021","Kitchener - Cambridge - Waterloo (CMA), Ont.","2021S0503541","Total - Household contributions to registered savings accounts","$250,000 and over","","0","units","0","","78.1.16","4740","","","","0"
"2021","Kitchener - Cambridge - Waterloo (CMA), Ont.","2021S0503541","Total - Household contributions to registered savings accounts","Total - Age of major income earner in the household","","0","units","0","","78.1.17","219060","","","","0"
"2021","Kitchener - Cambridge - Waterloo (CMA), Ont.","2021S0503541","Total - Household contributions to registered savings accounts","15 to 24 years","","0","units","0","","78.1.18","9380","","","","0"
"2021","Kitchener - Cambridge - Waterloo (CMA), Ont.","2021S0503541","Total - Household contributions to registered savings accounts","25 to 34 years","","0","units","0","","78.1.19","39935","","","","0"
"2021","Kitchener - Cambridge - Waterloo (CMA), Ont.","2021S0503541","Total - Household contributions to registered savings accounts","35 to 44 years","","0","units","0","","78.1.20","43140","","","","0"
"2021","Kitchener - Cambridge - Waterloo (CMA), Ont.","2021S0503541","Total - Household contributions to registered savings accounts","45 to 54 years","","0","units","0","","78.1.21","40335","","","","0"
"2021","Kitchener - Cambridge - Waterloo (CMA), Ont.","2021S0503541","Total - Household contributions to registered savings accounts","55 to 70 years","","0","units","0","","78.1.22","55655","","","","0"
"2021","Kitchener - Cambridge - Waterloo (CMA), Ont.","2021S0503541","Total - Household contributions to registered savings accounts","71 years and over","","0","units","0","","78.1.23","30615","","","","0"
"2021","Kitchener - Cambridge - Waterloo (CMA), Ont.","2021S0503541","Total - Household contributions to registered savings accounts","Total - Households by household size","","0","units","0","","78.1.24","219060","","","","0"
"2021","Kitchener - Cambridge - Waterloo (CMA), Ont.","2021S0503541","Total - Household contributions to registered savings accounts","1 person","","0","units","0","","78.1.25","54350","","","","0"
"2021","Kitchener - Cambridge - Waterloo (CMA), Ont.","2021S0503541","Total - Household contributions to registered savings accounts","2 or more persons","","0","units","0","","78.1.26","164710","","","","0"
"2021","Kitchener - Cambridge - Waterloo (CMA), Ont.","2021S0503541","Total - Household contributions to registered savings accounts","2 persons","","0","units","0","","78.1.27","72150","","","","0"
"2021","Kitchener - Cambridge - Waterloo (CMA), Ont.","2021S0503541","Total - Household contributions to registered savings accounts","3 persons","","0","units","0","","78.1.28","35675","","","","0"
"2021","Kitchener - Cambridge - Waterloo (CMA), Ont.","2021S0503541","Total - Household contributions to registered savings accounts","4 persons","","0","units","0","","78.1.29","35165","","","","0"
"2021","Kitchener - Cambridge - Waterloo (CMA), Ont.","2021S0503541","Total - Household contributions to registered savings accounts","5 or more persons","","0","units","0","","78.1.30","21710","","","","0"
"2021","Kitchener - Cambridge - Waterloo (CMA), Ont.","2021S0503541","No contributions to any registered savings accounts","Total - After-tax income of household ","","0","units","0","","78.2.1","67085","","","","0"
"2021","Kitchener - Cambridge - Waterloo (CMA), Ont.","2021S0503541","No contributions to any registered savings accounts","Under $10,000","","0","units","0","","78.2.2","3100","","","","0"
"2021","Kitchener - Cambridge - Waterloo (CMA), Ont.","2021S0503541","No contributions to any registered savings accounts","$10,000 to $19,999","","0","units","0","","78.2.3","4605","","","","0"
"2021","Kitchener - Cambridge - Waterloo (CMA), Ont.","2021S0503541","No contributions to any registered savings accounts","$20,000 to $29,999","","0","units","0","","78.2.4","9700","","","","0"
"2021","Kitchener - Cambridge - Waterloo (CMA), Ont.","2021S0503541","No contributions to any registered savings accounts","$30,000 to $39,999","","0","units","0","","78.2.5","8830","","","","0"
"2021","Kitchener - Cambridge - Waterloo (CMA), Ont.","2021S0503541","No contributions to any registered savings accounts","$40,000 to $49,999","","0","units","0","","78.2.6","8665","","","","0"
"2021","Kitchener - Cambridge - Waterloo (CMA), Ont.","2021S0503541","No contributions to any registered savings accounts","$50,000 to $59,999","","0","units","0","","78.2.7","7210","","","","0"
"2021","Kitchener - Cambridge - Waterloo (CMA), Ont.","2021S0503541","No contributions to any registered savings accounts","$60,000 to $69,999","","0","units","0","","78.2.8","6330","","","","0"
"2021","Kitchener - Cambridge - Waterloo (CMA), Ont.","2021S0503541","No contributions to any registered savings accounts","$70,000 to $79,999","","0","units","0","","78.2.9","4945","","","","0"
"2021","Kitchener - Cambridge - Waterloo (CMA), Ont.","2021S0503541","No contributions to any registered savings accounts","$80,000 to $89,999","","0","units","0","","78.2.10","3720","","","","0"
"2021","Kitchener - Cambridge - Waterloo (CMA), Ont.","2021S0503541","No contributions to any registered savings accounts","$90,000 to $99,999","","0","units","0","","78.2.11","2795","","","","0"
"2021","Kitchener - Cambridge - Waterloo (CMA), Ont.","2021S0503541","No contributions to any registered savings accounts","$100,000 and over ","","0","units","0","","78.2.12","7190","","","","0"
"2021","Kitchener - Cambridge - Waterloo (CMA), Ont.","2021S0503541","No contributions to any registered savings accounts","$100,000 to $149,999","","0","units","0","","78.2.13","5555","","","","0"
"2021","Kitchener - Cambridge - Waterloo (CMA), Ont.","2021S0503541","No contributions to any registered savings accounts","$150,000 to $199,999","","0","units","0","","78.2.14","1060","","","","0"
"2021","Kitchener - Cambridge - Waterloo (CMA), Ont.","2021S0503541","No contributions to any registered savings accounts","$200,000 to $249,999","","0","units","0","","78.2.15","310","","","","0"
"2021","Kitchener - Cambridge - Waterloo (CMA), Ont.","2021S0503541","No contributions to any registered savings accounts","$250,000 and over","","0","units","0","","78.2.16","265","","","","0"
"2021","Kitchener - Cambridge - Waterloo (CMA), Ont.","2021S0503541","No contributions to any registered savings accounts","Total - Age of major income earner in the household","","0","units","0","","78.2.17","67085","","","","0"
"2021","Kitchener - Cambridge - Waterloo (CMA), Ont.","2021S0503541","No contributions to any registered savings accounts","15 to 24 years","","0","units","0","","78.2.18","5045","","","","0"
"2021","Kitchener - Cambridge - Waterloo (CMA), Ont.","2021S0503541","No contributions to any registered savings accounts","25 to 34 years","","0","units","0","","78.2.19","11590","","","","0"
"2021","Kitchener - Cambridge - Waterloo (CMA), Ont.","2021S0503541","No contributions to any registered savings accounts","35 to 44 years","","0","units","0","","78.2.20","10630","","","","0"
"2021","Kitchener - Cambridge - Waterloo (CMA), Ont.","2021S0503541","No contributions to any registered savings accounts","45 to 54 years","","0","units","0","","78.2.21","8455","","","","0"
"2021","Kitchener - Cambridge - Waterloo (CMA), Ont.","2021S0503541","No contributions to any registered savings accounts","55 to 70 years","","0","units","0","","78.2.22","15690","","","","0"
"2021","Kitchener - Cambridge - Waterloo (CMA), Ont.","2021S0503541","No contributions to any registered savings accounts","71 years and over","","0","units","0","","78.2.23","15680","","","","0"
"2021","Kitchener - Cambridge - Waterloo (CMA), Ont.","2021S0503541","No contributions to any registered savings accounts","Total - Households by household size","","0","units","0","","78.2.24","67085","","","","0"
"2021","Kitchener - Cambridge - Waterloo (CMA), Ont.","2021S0503541","No contributions to any registered savings accounts","1 person","","0","units","0","","78.2.25","25345","","","","0"
"2021","Kitchener - Cambridge - Waterloo (CMA), Ont.","2021S0503541","No contributions to any registered savings accounts","2 or more persons","","0","units","0","","78.2.26","41740","","","","0"
"2021","Kitchener - Cambridge - Waterloo (CMA), Ont.","2021S0503541","No contributions to any registered savings accounts","2 persons","","0","units","0","","78.2.27","22045","","","","0"
"2021","Kitchener - Cambridge - Waterloo (CMA), Ont.","2021S0503541","No contributions to any registered savings accounts","3 persons","","0","units","0","","78.2.28","8185","","","","0"
"2021","Kitchener - Cambridge - Waterloo (CMA), Ont.","2021S0503541","No contributions to any registered savings accounts","4 persons","","0","units","0","","78.2.29","6340","","","","0"
"2021","Kitchener - Cambridge - Waterloo (CMA), Ont.","2021S0503541","No contributions to any registered savings accounts","5 or more persons","","0","units","0","","78.2.30","5170","","","","0"
"2021","Kitchener - Cambridge - Waterloo (CMA), Ont.","2021S0503541","Contributed to at least one type of registered savings account","Total - After-tax income of household ","","0","units","0","","78.3.1","151970","","","","0"
"2021","Kitchener - Cambridge - Waterloo (CMA), Ont.","2021S0503541","Contributed to at least one type of registered savings account","Under $10,000","","0","units","0","","78.3.2","725","","","","0"
"2021","Kitchener - Cambridge - Waterloo (CMA), Ont.","2021S0503541","Contributed to at least one type of registered savings account","$10,000 to $19,999","","0","units","0","","78.3.3","1220","","","","0"
"2021","Kitchener - Cambridge - Waterloo (CMA), Ont.","2021S0503541","Contributed to at least one type of registered savings account","$20,000 to $29,999","","0","units","0","","78.3.4","4035","","","","0"
"2021","Kitchener - Cambridge - Waterloo (CMA), Ont.","2021S0503541","Contributed to at least one type of registered savings account","$30,000 to $39,999","","0","units","0","","78.3.5","6105","","","","0"
"2021","Kitchener - Cambridge - Waterloo (CMA), Ont.","2021S0503541","Contributed to at least one type of registered savings account","$40,000 to $49,999","","0","units","0","","78.3.6","9065","","","","0"
"2021","Kitchener - Cambridge - Waterloo (CMA), Ont.","2021S0503541","Contributed to at least one type of registered savings account","$50,000 to $59,999","","0","units","0","","78.3.7","10445","","","","0"
"2021","Kitchener - Cambridge - Waterloo (CMA), Ont.","2021S0503541","Contributed to at least one type of registered savings account","$60,000 to $69,999","","0","units","0","","78.3.8","11425","","","","0"
"2021","Kitchener - Cambridge - Waterloo (CMA), Ont.","2021S0503541","Contributed to at least one type of registered savings account","$70,000 to $79,999","","0","units","0","","78.3.9","11835","","","","0"
"2021","Kitchener - Cambridge - Waterloo (CMA), Ont.","2021S0503541","Contributed to at least one type of registered savings account","$80,000 to $89,999","","0","units","0","","78.3.10","12335","","","","0"
"2021","Kitchener - Cambridge - Waterloo (CMA), Ont.","2021S0503541","Contributed to at least one type of registered savings account","$90,000 to $99,999","","0","units","0","","78.3.11","11850","","","","0"
"2021","Kitchener - Cambridge - Waterloo (CMA), Ont.","2021S0503541","Contributed to at least one type of registered savings account","$100,000 and over ","","0","units","0","","78.3.12","72935","","","","0"
"2021","Kitchener - Cambridge - Waterloo (CMA), Ont.","2021S0503541","Contributed to at least one type of registered savings account","$100,000 to $149,999","","0","units","0","","78.3.13","43470","","","","0"
"2021","Kitchener - Cambridge - Waterloo (CMA), Ont.","2021S0503541","Contributed to at least one type of registered savings account","$150,000 to $199,999","","0","units","0","","78.3.14","18485","","","","0"
"2021","Kitchener - Cambridge - Waterloo (CMA), Ont.","2021S0503541","Contributed to at least one type of registered savings account","$200,000 to $249,999","","0","units","0","","78.3.15","6505","","","","0"
"2021","Kitchener - Cambridge - Waterloo (CMA), Ont.","2021S0503541","Contributed to at least one type of registered savings account","$250,000 and over","","0","units","0","","78.3.16","4475","","","","0"
"2021","Kitchener - Cambridge - Waterloo (CMA), Ont.","2021S0503541","Contributed to at least one type of registered savings account","Total - Age of major income earner in the household","","0","units","0","","78.3.17","151970","","","","0"
"2021","Kitchener - Cambridge - Waterloo (CMA), Ont.","2021S0503541","Contributed to at least one type of registered savings account","15 to 24 years","","0","units","0","","78.3.18","4340","","","","0"
"2021","Kitchener - Cambridge - Waterloo (CMA), Ont.","2021S0503541","Contributed to at least one type of registered savings account","25 to 34 years","","0","units","0","","78.3.19","28345","","","","0"
"2021","Kitchener - Cambridge - Waterloo (CMA), Ont.","2021S0503541","Contributed to at least one type of registered savings account","35 to 44 years","","0","units","0","","78.3.20","32510","","","","0"
"2021","Kitchener - Cambridge - Waterloo (CMA), Ont.","2021S0503541","Contributed to at least one type of registered savings account","45 to 54 years","","0","units","0","","78.3.21","31885","","","","0"
"2021","Kitchener - Cambridge - Waterloo (CMA), Ont.","2021S0503541","Contributed to at least one type of registered savings account","55 to 70 years","","0","units","0","","78.3.22","39965","","","","0"
"2021","Kitchener - Cambridge - Waterloo (CMA), Ont.","2021S0503541","Contributed to at least one type of registered savings account","71 years and over","","0","units","0","","78.3.23","14930","","","","0"
"2021","Kitchener - Cambridge - Waterloo (CMA), Ont.","2021S0503541","Contributed to at least one type of registered savings account","Total - Households by household size","","0","units","0","","78.3.24","151970","","","","0"
"2021","Kitchener - Cambridge - Waterloo (CMA), Ont.","2021S0503541","Contributed to at least one type of registered savings account","1 person","","0","units","0","","78.3.25","29005","","","","0"
"2021","Kitchener - Cambridge - Waterloo (CMA), Ont.","2021S0503541","Contributed to at least one type of registered savings account","2 or more persons","","0","units","0","","78.3.26","122970","","","","0"
"2021","Kitchener - Cambridge - Waterloo (CMA), Ont.","2021S0503541","Contributed to at least one type of registered savings account","2 persons","","0","units","0","","78.3.27","50105","","","","0"
"2021","Kitchener - Cambridge - Waterloo (CMA), Ont.","2021S0503541","Contributed to at least one type of registered savings account","3 persons","","0","units","0","","78.3.28","27495","","","","0"
"2021","Kitchener - Cambridge - Waterloo (CMA), Ont.","2021S0503541","Contributed to at least one type of registered savings account","4 persons","","0","units","0","","78.3.29","28825","","","","0"
"2021","Kitchener - Cambridge - Waterloo (CMA), Ont.","2021S0503541","Contributed to at least one type of registered savings account","5 or more persons","","0","units","0","","78.3.30","16550","","","","0"
"2021","Kitchener - Cambridge - Waterloo (CMA), Ont.","2021S0503541","Tax-free savings accounts (TFSAs)","Total - After-tax income of household ","","0","units","0","","78.4.1","105885","","","","0"
"2021","Kitchener - Cambridge - Waterloo (CMA), Ont.","2021S0503541","Tax-free savings accounts (TFSAs)","Under $10,000","","0","units","0","","78.4.2","645","","","","0"
"2021","Kitchener - Cambridge - Waterloo (CMA), Ont.","2021S0503541","Tax-free savings accounts (TFSAs)","$10,000 to $19,999","","0","units","0","","78.4.3","1120","","","","0"
"2021","Kitchener - Cambridge - Waterloo (CMA), Ont.","2021S0503541","Tax-free savings accounts (TFSAs)","$20,000 to $29,999","","0","units","0","","78.4.4","3640","","","","0"
"2021","Kitchener - Cambridge - Waterloo (CMA), Ont.","2021S0503541","Tax-free savings accounts (TFSAs)","$30,000 to $39,999","","0","units","0","","78.4.5","4975","","","","0"
"2021","Kitchener - Cambridge - Waterloo (CMA), Ont.","2021S0503541","Tax-free savings accounts (TFSAs)","$40,000 to $49,999","","0","units","0","","78.4.6","6725","","","","0"
"2021","Kitchener - Cambridge - Waterloo (CMA), Ont.","2021S0503541","Tax-free savings accounts (TFSAs)","$50,000 to $59,999","","0","units","0","","78.4.7","7435","","","","0"
"2021","Kitchener - Cambridge - Waterloo (CMA), Ont.","2021S0503541","Tax-free savings accounts (TFSAs)","$60,000 to $69,999","","0","units","0","","78.4.8","8020","","","","0"
"2021","Kitchener - Cambridge - Waterloo (CMA), Ont.","2021S0503541","Tax-free savings accounts (TFSAs)","$70,000 to $79,999","","0","units","0","","78.4.9","7975","","","","0"
"2021","Kitchener - Cambridge - Waterloo (CMA), Ont.","2021S0503541","Tax-free savings accounts (TFSAs)","$80,000 to $89,999","","0","units","0","","78.4.10","8305","","","","0"
"2021","Kitchener - Cambridge - Waterloo (CMA), Ont.","2021S0503541","Tax-free savings accounts (TFSAs)","$90,000 to $99,999","","0","units","0","","78.4.11","7790","","","","0"
"2021","Kitchener - Cambridge - Waterloo (CMA), Ont.","2021S0503541","Tax-free savings accounts (TFSAs)","$100,000 and over ","","0","units","0","","78.4.12","49260","","","","0"
"2021","Kitchener - Cambridge - Waterloo (CMA), Ont.","2021S0503541","Tax-free savings accounts (TFSAs)","$100,000 to $149,999","","0","units","0","","78.4.13","28555","","","","0"
"2021","Kitchener - Cambridge - Waterloo (CMA), Ont.","2021S0503541","Tax-free savings accounts (TFSAs)","$150,000 to $199,999","","0","units","0","","78.4.14","12630","","","","0"
"2021","Kitchener - Cambridge - Waterloo (CMA), Ont.","2021S0503541","Tax-free savings accounts (TFSAs)","$200,000 to $249,999","","0","units","0","","78.4.15","4675","","","","0"
"2021","Kitchener - Cambridge - Waterloo (CMA), Ont.","2021S0503541","Tax-free savings accounts (TFSAs)","$250,000 and over","","0","units","0","","78.4.16","3400","","","","0"
"2021","Kitchener - Cambridge - Waterloo (CMA), Ont.","2021S0503541","Tax-free savings accounts (TFSAs)","Total - Age of major income earner in the household","","0","units","0","","78.4.17","105885","","","","0"
"2021","Kitchener - Cambridge - Waterloo (CMA), Ont.","2021S0503541","Tax-free savings accounts (TFSAs)","15 to 24 years","","0","units","0","","78.4.18","3645","","","","0"
"2021","Kitchener - Cambridge - Waterloo (CMA), Ont.","2021S0503541","Tax-free savings accounts (TFSAs)","25 to 34 years","","0","units","0","","78.4.19","21430","","","","0"
"2021","Kitchener - Cambridge - Waterloo (CMA), Ont.","2021S0503541","Tax-free savings accounts (TFSAs)","35 to 44 years","","0","units","0","","78.4.20","19980","","","","0"
"2021","Kitchener - Cambridge - Waterloo (CMA), Ont.","2021S0503541","Tax-free savings accounts (TFSAs)","45 to 54 years","","0","units","0","","78.4.21","18995","","","","0"
"2021","Kitchener - Cambridge - Waterloo (CMA), Ont.","2021S0503541","Tax-free savings accounts (TFSAs)","55 to 70 years","","0","units","0","","78.4.22","27440","","","","0"
"2021","Kitchener - Cambridge - Waterloo (CMA), Ont.","2021S0503541","Tax-free savings accounts (TFSAs)","71 years and over","","0","units","0","","78.4.23","14400","","","","0"
"2021","Kitchener - Cambridge - Waterloo (CMA), Ont.","2021S0503541","Tax-free savings accounts (TFSAs)","Total - Households by household size","","0","units","0","","78.4.24","105885","","","","0"
"2021","Kitchener - Cambridge - Waterloo (CMA), Ont.","2021S0503541","Tax-free savings accounts (TFSAs)","1 person","","0","units","0","","78.4.25","20675","","","","0"
"2021","Kitchener - Cambridge - Waterloo (CMA), Ont.","2021S0503541","Tax-free savings accounts (TFSAs)","2 or more persons","","0","units","0","","78.4.26","85215","","","","0"
"2021","Kitchener - Cambridge - Waterloo (CMA), Ont.","2021S0503541","Tax-free savings accounts (TFSAs)","2 persons","","0","units","0","","78.4.27","36980","","","","0"
"2021","Kitchener - Cambridge - Waterloo (CMA), Ont.","2021S0503541","Tax-free savings accounts (TFSAs)","3 persons","","0","units","0","","78.4.28","18655","","","","0"
"2021","Kitchener - Cambridge - Waterloo (CMA), Ont.","2021S0503541","Tax-free savings accounts (TFSAs)","4 persons","","0","units","0","","78.4.29","18430","","","","0"
"2021","Kitchener - Cambridge - Waterloo (CMA), Ont.","2021S0503541","Tax-free savings accounts (TFSAs)","5 or more persons","","0","units","0","","78.4.30","11145","","","","0"
"2021","Kitchener - Cambridge - Waterloo (CMA), Ont.","2021S0503541","Median contribution - TFSA ($)","Total - After-tax income of household ","","0","units","0","","78.5.1","6000","","","","0"
"2021","Kitchener - Cambridge - Waterloo (CMA), Ont.","2021S0503541","Median contribution - TFSA ($)","Under $10,000","","0","units","0","","78.5.2","6000","","","","0"
"2021","Kitchener - Cambridge - Waterloo (CMA), Ont.","2021S0503541","Median contribution - TFSA ($)","$10,000 to $19,999","","0","units","0","","78.5.3","5000","","","","0"
"2021","Kitchener - Cambridge - Waterloo (CMA), Ont.","2021S0503541","Median contribution - TFSA ($)","$20,000 to $29,999","","0","units","0","","78.5.4","5200","","","","0"
"2021","Kitchener - Cambridge - Waterloo (CMA), Ont.","2021S0503541","Median contribution - TFSA ($)","$30,000 to $39,999","","0","units","0","","78.5.5","5800","","","","0"
"2021","Kitchener - Cambridge - Waterloo (CMA), Ont.","2021S0503541","Median contribution - TFSA ($)","$40,000 to $49,999","","0","units","0","","78.5.6","5760","","","","0"
"2021","Kitchener - Cambridge - Waterloo (CMA), Ont.","2021S0503541","Median contribution - TFSA ($)","$50,000 to $59,999","","0","units","0","","78.5.7","5520","","","","0"
"2021","Kitchener - Cambridge - Waterloo (CMA), Ont.","2021S0503541","Median contribution - TFSA ($)","$60,000 to $69,999","","0","units","0","","78.5.8","6000","","","","0"
"2021","Kitchener - Cambridge - Waterloo (CMA), Ont.","2021S0503541","Median contribution - TFSA ($)","$70,000 to $79,999","","0","units","0","","78.5.9","6000","","","","0"
"2021","Kitchener - Cambridge - Waterloo (CMA), Ont.","2021S0503541","Median contribution - TFSA ($)","$80,000 to $89,999","","0","units","0","","78.5.10","6000","","","","0"
"2021","Kitchener - Cambridge - Waterloo (CMA), Ont.","2021S0503541","Median contribution - TFSA ($)","$90,000 to $99,999","","0","units","0","","78.5.11","5920","","","","0"
"2021","Kitchener - Cambridge - Waterloo (CMA), Ont.","2021S0503541","Median contribution - TFSA ($)","$100,000 and over ","","0","units","0","","78.5.12","7450","","","","0"
"2021","Kitchener - Cambridge - Waterloo (CMA), Ont.","2021S0503541","Median contribution - TFSA ($)","$100,000 to $149,999","","0","units","0","","78.5.13","6000","","","","0"
"2021","Kitchener - Cambridge - Waterloo (CMA), Ont.","2021S0503541","Median contribution - TFSA ($)","$150,000 to $199,999","","0","units","0","","78.5.14","8200","","","","0"
"2021","Kitchener - Cambridge - Waterloo (CMA), Ont.","2021S0503541","Median contribution - TFSA ($)","$200,000 to $249,999","","0","units","0","","78.5.15","12000","","","","0"
"2021","Kitchener - Cambridge - Waterloo (CMA), Ont.","2021S0503541","Median contribution - TFSA ($)","$250,000 and over","","0","units","0","","78.5.16","12000","","","","0"
"2021","Kitchener - Cambridge - Waterloo (CMA), Ont.","2021S0503541","Median contribution - TFSA ($)","Total - Age of major income earner in the household","","0","units","0","","78.5.17","6000","","","","0"
"2021","Kitchener - Cambridge - Waterloo (CMA), Ont.","2021S0503541","Median contribution - TFSA ($)","15 to 24 years","","0","units","0","","78.5.18","5000","","","","0"
"2021","Kitchener - Cambridge - Waterloo (CMA), Ont.","2021S0503541","Median contribution - TFSA ($)","25 to 34 years","","0","units","0","","78.5.19","5200","","","","0"
"2021","Kitchener - Cambridge - Waterloo (CMA), Ont.","2021S0503541","Median contribution - TFSA ($)","35 to 44 years","","0","units","0","","78.5.20","4880","","","","0"
"2021","Kitchener - Cambridge - Waterloo (CMA), Ont.","2021S0503541","Median contribution - TFSA ($)","45 to 54 years","","0","units","0","","78.5.21","5880","","","","0"
"2021","Kitchener - Cambridge - Waterloo (CMA), Ont.","2021S0503541","Median contribution - TFSA ($)","55 to 70 years","","0","units","0","","78.5.22","6400","","","","0"
"2021","Kitchener - Cambridge - Waterloo (CMA), Ont.","2021S0503541","Median contribution - TFSA ($)","71 years and over","","0","units","0","","78.5.23","6700","","","","0"
"2021","Kitchener - Cambridge - Waterloo (CMA), Ont.","2021S0503541","Median contribution - TFSA ($)","Total - Households by household size","","0","units","0","","78.5.24","6000","","","","0"
"2021","Kitchener - Cambridge - Waterloo (CMA), Ont.","2021S0503541","Median contribution - TFSA ($)","1 person","","0","units","0","","78.5.25","6000","","","","0"
"2021","Kitchener - Cambridge - Waterloo (CMA), Ont.","2021S0503541","Median contribution - TFSA ($)","2 or more persons","","0","units","0","","78.5.26","6000","","","","0"
"2021","Kitchener - Cambridge - Waterloo (CMA), Ont.","2021S0503541","Median contribution - TFSA ($)","2 persons","","0","units","0","","78.5.27","7150","","","","0"
"2021","Kitchener - Cambridge - Waterloo (CMA), Ont.","2021S0503541","Median contribution - TFSA ($)","3 persons","","0","units","0","","78.5.28","6000","","","","0"
"2021","Kitchener - Cambridge - Waterloo (CMA), Ont.","2021S0503541","Median contribution - TFSA ($)","4 persons","","0","units","0","","78.5.29","6000","","","","0"
"2021","Kitchener - Cambridge - Waterloo (CMA), Ont.","2021S0503541","Median contribution - TFSA ($)","5 or more persons","","0","units","0","","78.5.30","5920","","","","0"
"2021","Kitchener - Cambridge - Waterloo (CMA), Ont.","2021S0503541","Registered retirement savings plans (RRSPs)","Total - After-tax income of household ","","0","units","0","","78.6.1","83010","","","","0"
"2021","Kitchener - Cambridge - Waterloo (CMA), Ont.","2021S0503541","Registered retirement savings plans (RRSPs)","Under $10,000","","0","units","0","","78.6.2","160","","","","0"
"2021","Kitchener - Cambridge - Waterloo (CMA), Ont.","2021S0503541","Registered retirement savings plans (RRSPs)","$10,000 to $19,999","","0","units","0","","78.6.3","145","","","","0"
"2021","Kitchener - Cambridge - Waterloo (CMA), Ont.","2021S0503541","Registered retirement savings plans (RRSPs)","$20,000 to $29,999","","0","units","0","","78.6.4","515","","","","0"
"2021","Kitchener - Cambridge - Waterloo (CMA), Ont.","2021S0503541","Registered retirement savings plans (RRSPs)","$30,000 to $39,999","","0","units","0","","78.6.5","1400","","","","0"
"2021","Kitchener - Cambridge - Waterloo (CMA), Ont.","2021S0503541","Registered retirement savings plans (RRSPs)","$40,000 to $49,999","","0","units","0","","78.6.6","2805","","","","0"
"2021","Kitchener - Cambridge - Waterloo (CMA), Ont.","2021S0503541","Registered retirement savings plans (RRSPs)","$50,000 to $59,999","","0","units","0","","78.6.7","3830","","","","0"
"2021","Kitchener - Cambridge - Waterloo (CMA), Ont.","2021S0503541","Registered retirement savings plans (RRSPs)","$60,000 to $69,999","","0","units","0","","78.6.8","4665","","","","0"
"2021","Kitchener - Cambridge - Waterloo (CMA), Ont.","2021S0503541","Registered retirement savings plans (RRSPs)","$70,000 to $79,999","","0","units","0","","78.6.9","5455","","","","0"
"2021","Kitchener - Cambridge - Waterloo (CMA), Ont.","2021S0503541","Registered retirement savings plans (RRSPs)","$80,000 to $89,999","","0","units","0","","78.6.10","6245","","","","0"
"2021","Kitchener - Cambridge - Waterloo (CMA), Ont.","2021S0503541","Registered retirement savings plans (RRSPs)","$90,000 to $99,999","","0","units","0","","78.6.11","6570","","","","0"
"2021","Kitchener - Cambridge - Waterloo (CMA), Ont.","2021S0503541","Registered retirement savings plans (RRSPs)","$100,000 and over ","","0","units","0","","78.6.12","51220","","","","0"
"2021","Kitchener - Cambridge - Waterloo (CMA), Ont.","2021S0503541","Registered retirement savings plans (RRSPs)","$100,000 to $149,999","","0","units","0","","78.6.13","28290","","","","0"
"2021","Kitchener - Cambridge - Waterloo (CMA), Ont.","2021S0503541","Registered retirement savings plans (RRSPs)","$150,000 to $199,999","","0","units","0","","78.6.14","13935","","","","0"
"2021","Kitchener - Cambridge - Waterloo (CMA), Ont.","2021S0503541","Registered retirement savings plans (RRSPs)","$200,000 to $249,999","","0","units","0","","78.6.15","5215","","","","0"
"2021","Kitchener - Cambridge - Waterloo (CMA), Ont.","2021S0503541","Registered retirement savings plans (RRSPs)","$250,000 and over","","0","units","0","","78.6.16","3780","","","","0"
"2021","Kitchener - Cambridge - Waterloo (CMA), Ont.","2021S0503541","Registered retirement savings plans (RRSPs)","Total - Age of major income earner in the household","","0","units","0","","78.6.17","83010","","","","0"
"2021","Kitchener - Cambridge - Waterloo (CMA), Ont.","2021S0503541","Registered retirement savings plans (RRSPs)","15 to 24 years","","0","units","0","","78.6.18","1195","","","","0"
"2021","Kitchener - Cambridge - Waterloo (CMA), Ont.","2021S0503541","Registered retirement savings plans (RRSPs)","25 to 34 years","","0","units","0","","78.6.19","15135","","","","0"
"2021","Kitchener - Cambridge - Waterloo (CMA), Ont.","2021S0503541","Registered retirement savings plans (RRSPs)","35 to 44 years","","0","units","0","","78.6.20","20705","","","","0"
"2021","Kitchener - Cambridge - Waterloo (CMA), Ont.","2021S0503541","Registered retirement savings plans (RRSPs)","45 to 54 years","","0","units","0","","78.6.21","21400","","","","0"
"2021","Kitchener - Cambridge - Waterloo (CMA), Ont.","2021S0503541","Registered retirement savings plans (RRSPs)","55 to 70 years","","0","units","0","","78.6.22","23345","","","","0"
"2021","Kitchener - Cambridge - Waterloo (CMA), Ont.","2021S0503541","Registered retirement savings plans (RRSPs)","71 years and over","","0","units","0","","78.6.23","1235","","","","0"
"2021","Kitchener - Cambridge - Waterloo (CMA), Ont.","2021S0503541","Registered retirement savings plans (RRSPs)","Total - Households by household size","","0","units","0","","78.6.24","83010","","","","0"
"2021","Kitchener - Cambridge - Waterloo (CMA), Ont.","2021S0503541","Registered retirement savings plans (RRSPs)","1 person","","0","units","0","","78.6.25","12025","","","","0"
"2021","Kitchener - Cambridge - Waterloo (CMA), Ont.","2021S0503541","Registered retirement savings plans (RRSPs)","2 or more persons","","0","units","0","","78.6.26","70990","","","","0"
"2021","Kitchener - Cambridge - Waterloo (CMA), Ont.","2021S0503541","Registered retirement savings plans (RRSPs)","2 persons","","0","units","0","","78.6.27","25395","","","","0"
"2021","Kitchener - Cambridge - Waterloo (CMA), Ont.","2021S0503541","Registered retirement savings plans (RRSPs)","3 persons","","0","units","0","","78.6.28","16745","","","","0"
"2021","Kitchener - Cambridge - Waterloo (CMA), Ont.","2021S0503541","Registered retirement savings plans (RRSPs)","4 persons","","0","units","0","","78.6.29","19145","","","","0"
"2021","Kitchener - Cambridge - Waterloo (CMA), Ont.","2021S0503541","Registered retirement savings plans (RRSPs)","5 or more persons","","0","units","0","","78.6.30","9700","","","","0"
"2021","Kitchener - Cambridge - Waterloo (CMA), Ont.","2021S0503541","Median contribution - RRSP ($)","Total - After-tax income of household ","","0","units","0","","78.7.1","4800","","","","0"
"2021","Kitchener - Cambridge - Waterloo (CMA), Ont.","2021S0503541","Median contribution - RRSP ($)","Under $10,000","","0","units","0","","78.7.2","8000","","","","0"
"2021","Kitchener - Cambridge - Waterloo (CMA), Ont.","2021S0503541","Median contribution - RRSP ($)","$10,000 to $19,999","","0","units","0","","78.7.3","1800","","","","0"
"2021","Kitchener - Cambridge - Waterloo (CMA), Ont.","2021S0503541","Median contribution - RRSP ($)","$20,000 to $29,999","","0","units","0","","78.7.4","1200","","","","0"
"2021","Kitchener - Cambridge - Waterloo (CMA), Ont.","2021S0503541","Median contribution - RRSP ($)","$30,000 to $39,999","","0","units","0","","78.7.5","1290","","","","0"
"2021","Kitchener - Cambridge - Waterloo (CMA), Ont.","2021S0503541","Median contribution - RRSP ($)","$40,000 to $49,999","","0","units","0","","78.7.6","1800","","","","0"
"2021","Kitchener - Cambridge - Waterloo (CMA), Ont.","2021S0503541","Median contribution - RRSP ($)","$50,000 to $59,999","","0","units","0","","78.7.7","2340","","","","0"
"2021","Kitchener - Cambridge - Waterloo (CMA), Ont.","2021S0503541","Median contribution - RRSP ($)","$60,000 to $69,999","","0","units","0","","78.7.8","2500","","","","0"
"2021","Kitchener - Cambridge - Waterloo (CMA), Ont.","2021S0503541","Median contribution - RRSP ($)","$70,000 to $79,999","","0","units","0","","78.7.9","2800","","","","0"
"2021","Kitchener - Cambridge - Waterloo (CMA), Ont.","2021S0503541","Median contribution - RRSP ($)","$80,000 to $89,999","","0","units","0","","78.7.10","3080","","","","0"
"2021","Kitchener - Cambridge - Waterloo (CMA), Ont.","2021S0503541","Median contribution - RRSP ($)","$90,000 to $99,999","","0","units","0","","78.7.11","3520","","","","0"
"2021","Kitchener - Cambridge - Waterloo (CMA), Ont.","2021S0503541","Median contribution - RRSP ($)","$100,000 and over ","","0","units","0","","78.7.12","7050","","","","0"
"2021","Kitchener - Cambridge - Waterloo (CMA), Ont.","2021S0503541","Median contribution - RRSP ($)","$100,000 to $149,999","","0","units","0","","78.7.13","5000","","","","0"
"2021","Kitchener - Cambridge - Waterloo (CMA), Ont.","2021S0503541","Median contribution - RRSP ($)","$150,000 to $199,999","","0","units","0","","78.7.14","8900","","","","0"
"2021","Kitchener - Cambridge - Waterloo (CMA), Ont.","2021S0503541","Median contribution - RRSP ($)","$200,000 to $249,999","","0","units","0","","78.7.15","16600","","","","0"
"2021","Kitchener - Cambridge - Waterloo (CMA), Ont.","2021S0503541","Median contribution - RRSP ($)","$250,000 and over","","0","units","0","","78.7.16","27200","","","","0"
"2021","Kitchener - Cambridge - Waterloo (CMA), Ont.","2021S0503541","Median contribution - RRSP ($)","Total - Age of major income earner in the household","","0","units","0","","78.7.17","4800","","","","0"
"2021","Kitchener - Cambridge - Waterloo (CMA), Ont.","2021S0503541","Median contribution - RRSP ($)","15 to 24 years","","0","units","0","","78.7.18","2400","","","","0"
"2021","Kitchener - Cambridge - Waterloo (CMA), Ont.","2021S0503541","Median contribution - RRSP ($)","25 to 34 years","","0","units","0","","78.7.19","3640","","","","0"
"2021","Kitchener - Cambridge - Waterloo (CMA), Ont.","2021S0503541","Median contribution - RRSP ($)","35 to 44 years","","0","units","0","","78.7.20","4360","","","","0"
"2021","Kitchener - Cambridge - Waterloo (CMA), Ont.","2021S0503541","Median contribution - RRSP ($)","45 to 54 years","","0","units","0","","78.7.21","5120","","","","0"
"2021","Kitchener - Cambridge - Waterloo (CMA), Ont.","2021S0503541","Median contribution - RRSP ($)","55 to 70 years","","0","units","0","","78.7.22","5800","","","","0"
"2021","Kitchener - Cambridge - Waterloo (CMA), Ont.","2021S0503541","Median contribution - RRSP ($)","71 years and over","","0","units","0","","78.7.23","2900","","","","0"
"2021","Kitchener - Cambridge - Waterloo (CMA), Ont.","2021S0503541","Median contribution - RRSP ($)","Total - Households by household size","","0","units","0","","78.7.24","4800","","","","0"
"2021","Kitchener - Cambridge - Waterloo (CMA), Ont.","2021S0503541","Median contribution - RRSP ($)","1 person","","0","units","0","","78.7.25","3640","","","","0"
"2021","Kitchener - Cambridge - Waterloo (CMA), Ont.","2021S0503541","Median contribution - RRSP ($)","2 or more persons","","0","units","0","","78.7.26","5000","","","","0"
"2021","Kitchener - Cambridge - Waterloo (CMA), Ont.","2021S0503541","Median contribution - RRSP ($)","2 persons","","0","units","0","","78.7.27","4960","","","","0"
"2021","Kitchener - Cambridge - Waterloo (CMA), Ont.","2021S0503541","Median contribution - RRSP ($)","3 persons","","0","units","0","","78.7.28","4760","","","","0"
"2021","Kitchener - Cambridge - Waterloo (CMA), Ont.","2021S0503541","Median contribution - RRSP ($)","4 persons","","0","units","0","","78.7.29","5200","","","","0"
"2021","Kitchener - Cambridge - Waterloo (CMA), Ont.","2021S0503541","Median contribution - RRSP ($)","5 or more persons","","0","units","0","","78.7.30","4840","","","","0"
"2021","Kitchener - Cambridge - Waterloo (CMA), Ont.","2021S0503541","Registered pension plans (RPPs)","Total - After-tax income of household ","","0","units","0","","78.8.1","64645","","","","0"
"2021","Kitchener - Cambridge - Waterloo (CMA), Ont.","2021S0503541","Registered pension plans (RPPs)","Under $10,000","","0","units","0","","78.8.2","50","","","","0"
"2021","Kitchener - Cambridge - Waterloo (CMA), Ont.","2021S0503541","Registered pension plans (RPPs)","$10,000 to $19,999","","0","units","0","","78.8.3","55","","","","0"
"2021","Kitchener - Cambridge - Waterloo (CMA), Ont.","2021S0503541","Registered pension plans (RPPs)","$20,000 to $29,999","","0","units","0","","78.8.4","230","","","","0"
"2021","Kitchener - Cambridge - Waterloo (CMA), Ont.","2021S0503541","Registered pension plans (RPPs)","$30,000 to $39,999","","0","units","0","","78.8.5","805","","","","0"
"2021","Kitchener - Cambridge - Waterloo (CMA), Ont.","2021S0503541","Registered pension plans (RPPs)","$40,000 to $49,999","","0","units","0","","78.8.6","2010","","","","0"
"2021","Kitchener - Cambridge - Waterloo (CMA), Ont.","2021S0503541","Registered pension plans (RPPs)","$50,000 to $59,999","","0","units","0","","78.8.7","2910","","","","0"
"2021","Kitchener - Cambridge - Waterloo (CMA), Ont.","2021S0503541","Registered pension plans (RPPs)","$60,000 to $69,999","","0","units","0","","78.8.8","3510","","","","0"
"2021","Kitchener - Cambridge - Waterloo (CMA), Ont.","2021S0503541","Registered pension plans (RPPs)","$70,000 to $79,999","","0","units","0","","78.8.9","4210","","","","0"
"2021","Kitchener - Cambridge - Waterloo (CMA), Ont.","2021S0503541","Registered pension plans (RPPs)","$80,000 to $89,999","","0","units","0","","78.8.10","4870","","","","0"
"2021","Kitchener - Cambridge - Waterloo (CMA), Ont.","2021S0503541","Registered pension plans (RPPs)","$90,000 to $99,999","","0","units","0","","78.8.11","5250","","","","0"
"2021","Kitchener - Cambridge - Waterloo (CMA), Ont.","2021S0503541","Registered pension plans (RPPs)","$100,000 and over ","","0","units","0","","78.8.12","40740","","","","0"
"2021","Kitchener - Cambridge - Waterloo (CMA), Ont.","2021S0503541","Registered pension plans (RPPs)","$100,000 to $149,999","","0","units","0","","78.8.13","22985","","","","0"
"2021","Kitchener - Cambridge - Waterloo (CMA), Ont.","2021S0503541","Registered pension plans (RPPs)","$150,000 to $199,999","","0","units","0","","78.8.14","11575","","","","0"
"2021","Kitchener - Cambridge - Waterloo (CMA), Ont.","2021S0503541","Registered pension plans (RPPs)","$200,000 to $249,999","","0","units","0","","78.8.15","3910","","","","0"
"2021","Kitchener - Cambridge - Waterloo (CMA), Ont.","2021S0503541","Registered pension plans (RPPs)","$250,000 and over","","0","units","0","","78.8.16","2270","","","","0"
"2021","Kitchener - Cambridge - Waterloo (CMA), Ont.","2021S0503541","Registered pension plans (RPPs)","Total - Age of major income earner in the household","","0","units","0","","78.8.17","64645","","","","0"
"2021","Kitchener - Cambridge - Waterloo (CMA), Ont.","2021S0503541","Registered pension plans (RPPs)","15 to 24 years","","0","units","0","","78.8.18","940","","","","0"
"2021","Kitchener - Cambridge - Waterloo (CMA), Ont.","2021S0503541","Registered pension plans (RPPs)","25 to 34 years","","0","units","0","","78.8.19","12235","","","","0"
"2021","Kitchener - Cambridge - Waterloo (CMA), Ont.","2021S0503541","Registered pension plans (RPPs)","35 to 44 years","","0","units","0","","78.8.20","17170","","","","0"
"2021","Kitchener - Cambridge - Waterloo (CMA), Ont.","2021S0503541","Registered pension plans (RPPs)","45 to 54 years","","0","units","0","","78.8.21","17460","","","","0"
"2021","Kitchener - Cambridge - Waterloo (CMA), Ont.","2021S0503541","Registered pension plans (RPPs)","55 to 70 years","","0","units","0","","78.8.22","16375","","","","0"
"2021","Kitchener - Cambridge - Waterloo (CMA), Ont.","2021S0503541","Registered pension plans (RPPs)","71 years and over","","0","units","0","","78.8.23","460","","","","0"
"2021","Kitchener - Cambridge - Waterloo (CMA), Ont.","2021S0503541","Registered pension plans (RPPs)","Total - Households by household size","","0","units","0","","78.8.24","64645","","","","0"
"2021","Kitchener - Cambridge - Waterloo (CMA), Ont.","2021S0503541","Registered pension plans (RPPs)","1 person","","0","units","0","","78.8.25","8155","","","","0"
"2021","Kitchener - Cambridge - Waterloo (CMA), Ont.","2021S0503541","Registered pension plans (RPPs)","2 or more persons","","0","units","0","","78.8.26","56490","","","","0"
"2021","Kitchener - Cambridge - Waterloo (CMA), Ont.","2021S0503541","Registered pension plans (RPPs)","2 persons","","0","units","0","","78.8.27","18280","","","","0"
"2021","Kitchener - Cambridge - Waterloo (CMA), Ont.","2021S0503541","Registered pension plans (RPPs)","3 persons","","0","units","0","","78.8.28","13675","","","","0"
"2021","Kitchener - Cambridge - Waterloo (CMA), Ont.","2021S0503541","Registered pension plans (RPPs)","4 persons","","0","units","0","","78.8.29","16060","","","","0"
"2021","Kitchener - Cambridge - Waterloo (CMA), Ont.","2021S0503541","Registered pension plans (RPPs)","5 or more persons","","0","units","0","","78.8.30","8470","","","","0"
"2021","Kitchener - Cambridge - Waterloo (CMA), Ont.","2021S0503541","Median contribution - RPP ($)","Total - After-tax income of household ","","0","units","0","","78.9.1","4120","","","","0"
"2021","Kitchener - Cambridge - Waterloo (CMA), Ont.","2021S0503541","Median contribution - RPP ($)","Under $10,000","","0","units","0","","78.9.2","2400","","","","0"
"2021","Kitchener - Cambridge - Waterloo (CMA), Ont.","2021S0503541","Median contribution - RPP ($)","$10,000 to $19,999","","0","units","0","","78.9.3","344","","","","0"
"2021","Kitchener - Cambridge - Waterloo (CMA), Ont.","2021S0503541","Median contribution - RPP ($)","$20,000 to $29,999","","0","units","0","","78.9.4","448","","","","0"
"2021","Kitchener - Cambridge - Waterloo (CMA), Ont.","2021S0503541","Median contribution - RPP ($)","$30,000 to $39,999","","0","units","0","","78.9.5","840","","","","0"
"2021","Kitchener - Cambridge - Waterloo (CMA), Ont.","2021S0503541","Median contribution - RPP ($)","$40,000 to $49,999","","0","units","0","","78.9.6","1500","","","","0"
"2021","Kitchener - Cambridge - Waterloo (CMA), Ont.","2021S0503541","Median contribution - RPP ($)","$50,000 to $59,999","","0","units","0","","78.9.7","2140","","","","0"
"2021","Kitchener - Cambridge - Waterloo (CMA), Ont.","2021S0503541","Median contribution - RPP ($)","$60,000 to $69,999","","0","units","0","","78.9.8","2460","","","","0"
"2021","Kitchener - Cambridge - Waterloo (CMA), Ont.","2021S0503541","Median contribution - RPP ($)","$70,000 to $79,999","","0","units","0","","78.9.9","2580","","","","0"
"2021","Kitchener - Cambridge - Waterloo (CMA), Ont.","2021S0503541","Median contribution - RPP ($)","$80,000 to $89,999","","0","units","0","","78.9.10","2980","","","","0"
"2021","Kitchener - Cambridge - Waterloo (CMA), Ont.","2021S0503541","Median contribution - RPP ($)","$90,000 to $99,999","","0","units","0","","78.9.11","3280","","","","0"
"2021","Kitchener - Cambridge - Waterloo (CMA), Ont.","2021S0503541","Median contribution - RPP ($)","$100,000 and over ","","0","units","0","","78.9.12","5640","","","","0"
"2021","Kitchener - Cambridge - Waterloo (CMA), Ont.","2021S0503541","Median contribution - RPP ($)","$100,000 to $149,999","","0","units","0","","78.9.13","4520","","","","0"
"2021","Kitchener - Cambridge - Waterloo (CMA), Ont.","2021S0503541","Median contribution - RPP ($)","$150,000 to $199,999","","0","units","0","","78.9.14","7150","","","","0"
"2021","Kitchener - Cambridge - Waterloo (CMA), Ont.","2021S0503541","Median contribution - RPP ($)","$200,000 to $249,999","","0","units","0","","78.9.15","8600","","","","0"
"2021","Kitchener - Cambridge - Waterloo (CMA), Ont.","2021S0503541","Median contribution - RPP ($)","$250,000 and over","","0","units","0","","78.9.16","9200","","","","0"
"2021","Kitchener - Cambridge - Waterloo (CMA), Ont.","2021S0503541","Median contribution - RPP ($)","Total - Age of major income earner in the household","","0","units","0","","78.9.17","4120","","","","0"
"2021","Kitchener - Cambridge - Waterloo (CMA), Ont.","2021S0503541","Median contribution - RPP ($)","15 to 24 years","","0","units","0","","78.9.18","1170","","","","0"
"2021","Kitchener - Cambridge - Waterloo (CMA), Ont.","2021S0503541","Median contribution - RPP ($)","25 to 34 years","","0","units","0","","78.9.19","3320","","","","0"
"2021","Kitchener - Cambridge - Waterloo (CMA), Ont.","2021S0503541","Median contribution - RPP ($)","35 to 44 years","","0","units","0","","78.9.20","4600","","","","0"
"2021","Kitchener - Cambridge - Waterloo (CMA), Ont.","2021S0503541","Median contribution - RPP ($)","45 to 54 years","","0","units","0","","78.9.21","5080","","","","0"
"2021","Kitchener - Cambridge - Waterloo (CMA), Ont.","2021S0503541","Median contribution - RPP ($)","55 to 70 years","","0","units","0","","78.9.22","3880","","","","0"
"2021","Kitchener - Cambridge - Waterloo (CMA), Ont.","2021S0503541","Median contribution - RPP ($)","71 years and over","","0","units","0","","78.9.23","1700","","","","0"
"2021","Kitchener - Cambridge - Waterloo (CMA), Ont.","2021S0503541","Median contribution - RPP ($)","Total - Households by household size","","0","units","0","","78.9.24","4120","","","","0"
"2021","Kitchener - Cambridge - Waterloo (CMA), Ont.","2021S0503541","Median contribution - RPP ($)","1 person","","0","units","0","","78.9.25","3560","","","","0"
"2021","Kitchener - Cambridge - Waterloo (CMA), Ont.","2021S0503541","Median contribution - RPP ($)","2 or more persons","","0","units","0","","78.9.26","4240","","","","0"
"2021","Kitchener - Cambridge - Waterloo (CMA), Ont.","2021S0503541","Median contribution - RPP ($)","2 persons","","0","units","0","","78.9.27","3800","","","","0"
"2021","Kitchener - Cambridge - Waterloo (CMA), Ont.","2021S0503541","Median contribution - RPP ($)","3 persons","","0","units","0","","78.9.28","4040","","","","0"
"2021","Kitchener - Cambridge - Waterloo (CMA), Ont.","2021S0503541","Median contribution - RPP ($)","4 persons","","0","units","0","","78.9.29","5080","","","","0"
"2021","Kitchener - Cambridge - Waterloo (CMA), Ont.","2021S0503541","Median contribution - RPP ($)","5 or more persons","","0","units","0","","78.9.30","4240","","","","0"
"2021","Kitchener - Cambridge - Waterloo (CMA), Ont.","2021S0503541","Contributed to only one type of registered savings account ","Total - After-tax income of household ","","0","units","0","","78.10.1","74575","","","","0"
"2021","Kitchener - Cambridge - Waterloo (CMA), Ont.","2021S0503541","Contributed to only one type of registered savings account ","Under $10,000","","0","units","0","","78.10.2","615","","","","0"
"2021","Kitchener - Cambridge - Waterloo (CMA), Ont.","2021S0503541","Contributed to only one type of registered savings account ","$10,000 to $19,999","","0","units","0","","78.10.3","1125","","","","0"
"2021","Kitchener - Cambridge - Waterloo (CMA), Ont.","2021S0503541","Contributed to only one type of registered savings account ","$20,000 to $29,999","","0","units","0","","78.10.4","3700","","","","0"
"2021","Kitchener - Cambridge - Waterloo (CMA), Ont.","2021S0503541","Contributed to only one type of registered savings account ","$30,000 to $39,999","","0","units","0","","78.10.5","5135","","","","0"
"2021","Kitchener - Cambridge - Waterloo (CMA), Ont.","2021S0503541","Contributed to only one type of registered savings account ","$40,000 to $49,999","","0","units","0","","78.10.6","6895","","","","0"
"2021","Kitchener - Cambridge - Waterloo (CMA), Ont.","2021S0503541","Contributed to only one type of registered savings account ","$50,000 to $59,999","","0","units","0","","78.10.7","7250","","","","0"
"2021","Kitchener - Cambridge - Waterloo (CMA), Ont.","2021S0503541","Contributed to only one type of registered savings account ","$60,000 to $69,999","","0","units","0","","78.10.8","7340","","","","0"
"2021","Kitchener - Cambridge - Waterloo (CMA), Ont.","2021S0503541","Contributed to only one type of registered savings account ","$70,000 to $79,999","","0","units","0","","78.10.9","7020","","","","0"
"2021","Kitchener - Cambridge - Waterloo (CMA), Ont.","2021S0503541","Contributed to only one type of registered savings account ","$80,000 to $89,999","","0","units","0","","78.10.10","6590","","","","0"
"2021","Kitchener - Cambridge - Waterloo (CMA), Ont.","2021S0503541","Contributed to only one type of registered savings account ","$90,000 to $99,999","","0","units","0","","78.10.11","5665","","","","0"
"2021","Kitchener - Cambridge - Waterloo (CMA), Ont.","2021S0503541","Contributed to only one type of registered savings account ","$100,000 and over ","","0","units","0","","78.10.12","23240","","","","0"
"2021","Kitchener - Cambridge - Waterloo (CMA), Ont.","2021S0503541","Contributed to only one type of registered savings account ","$100,000 to $149,999","","0","units","0","","78.10.13","16155","","","","0"
"2021","Kitchener - Cambridge - Waterloo (CMA), Ont.","2021S0503541","Contributed to only one type of registered savings account ","$150,000 to $199,999","","0","units","0","","78.10.14","4640","","","","0"
"2021","Kitchener - Cambridge - Waterloo (CMA), Ont.","2021S0503541","Contributed to only one type of registered savings account ","$200,000 to $249,999","","0","units","0","","78.10.15","1450","","","","0"
"2021","Kitchener - Cambridge - Waterloo (CMA), Ont.","2021S0503541","Contributed to only one type of registered savings account ","$250,000 and over","","0","units","0","","78.10.16","990","","","","0"
"2021","Kitchener - Cambridge - Waterloo (CMA), Ont.","2021S0503541","Contributed to only one type of registered savings account ","Total - Age of major income earner in the household","","0","units","0","","78.10.17","74575","","","","0"
"2021","Kitchener - Cambridge - Waterloo (CMA), Ont.","2021S0503541","Contributed to only one type of registered savings account ","15 to 24 years","","0","units","0","","78.10.18","3130","","","","0"
"2021","Kitchener - Cambridge - Waterloo (CMA), Ont.","2021S0503541","Contributed to only one type of registered savings account ","25 to 34 years","","0","units","0","","78.10.19","12505","","","","0"
"2021","Kitchener - Cambridge - Waterloo (CMA), Ont.","2021S0503541","Contributed to only one type of registered savings account ","35 to 44 years","","0","units","0","","78.10.20","13370","","","","0"
"2021","Kitchener - Cambridge - Waterloo (CMA), Ont.","2021S0503541","Contributed to only one type of registered savings account ","45 to 54 years","","0","units","0","","78.10.21","12465","","","","0"
"2021","Kitchener - Cambridge - Waterloo (CMA), Ont.","2021S0503541","Contributed to only one type of registered savings account ","55 to 70 years","","0","units","0","","78.10.22","19215","","","","0"
"2021","Kitchener - Cambridge - Waterloo (CMA), Ont.","2021S0503541","Contributed to only one type of registered savings account ","71 years and over","","0","units","0","","78.10.23","13895","","","","0"
"2021","Kitchener - Cambridge - Waterloo (CMA), Ont.","2021S0503541","Contributed to only one type of registered savings account ","Total - Households by household size","","0","units","0","","78.10.24","74575","","","","0"
"2021","Kitchener - Cambridge - Waterloo (CMA), Ont.","2021S0503541","Contributed to only one type of registered savings account ","1 person","","0","units","0","","78.10.25","19230","","","","0"
"2021","Kitchener - Cambridge - Waterloo (CMA), Ont.","2021S0503541","Contributed to only one type of registered savings account ","2 or more persons","","0","units","0","","78.10.26","55350","","","","0"
"2021","Kitchener - Cambridge - Waterloo (CMA), Ont.","2021S0503541","Contributed to only one type of registered savings account ","2 persons","","0","units","0","","78.10.27","26555","","","","0"
"2021","Kitchener - Cambridge - Waterloo (CMA), Ont.","2021S0503541","Contributed to only one type of registered savings account ","3 persons","","0","units","0","","78.10.28","11310","","","","0"
"2021","Kitchener - Cambridge - Waterloo (CMA), Ont.","2021S0503541","Contributed to only one type of registered savings account ","4 persons","","0","units","0","","78.10.29","10505","","","","0"
"2021","Kitchener - Cambridge - Waterloo (CMA), Ont.","2021S0503541","Contributed to only one type of registered savings account ","5 or more persons","","0","units","0","","78.10.30","6980","","","","0"
"2021","Kitchener - Cambridge - Waterloo (CMA), Ont.","2021S0503541","TFSA only","Total - After-tax income of household ","","0","units","0","","78.11.1","40975","","","","0"
"2021","Kitchener - Cambridge - Waterloo (CMA), Ont.","2021S0503541","TFSA only","Under $10,000","","0","units","0","","78.11.2","540","","","","0"
"2021","Kitchener - Cambridge - Waterloo (CMA), Ont.","2021S0503541","TFSA only","$10,000 to $19,999","","0","units","0","","78.11.3","1030","","","","0"
"2021","Kitchener - Cambridge - Waterloo (CMA), Ont.","2021S0503541","TFSA only","$20,000 to $29,999","","0","units","0","","78.11.4","3320","","","","0"
"2021","Kitchener - Cambridge - Waterloo (CMA), Ont.","2021S0503541","TFSA only","$30,000 to $39,999","","0","units","0","","78.11.5","4080","","","","0"
"2021","Kitchener - Cambridge - Waterloo (CMA), Ont.","2021S0503541","TFSA only","$40,000 to $49,999","","0","units","0","","78.11.6","4800","","","","0"
"2021","Kitchener - Cambridge - Waterloo (CMA), Ont.","2021S0503541","TFSA only","$50,000 to $59,999","","0","units","0","","78.11.7","4625","","","","0"
"2021","Kitchener - Cambridge - Waterloo (CMA), Ont.","2021S0503541","TFSA only","$60,000 to $69,999","","0","units","0","","78.11.8","4490","","","","0"
"2021","Kitchener - Cambridge - Waterloo (CMA), Ont.","2021S0503541","TFSA only","$70,000 to $79,999","","0","units","0","","78.11.9","3840","","","","0"
"2021","Kitchener - Cambridge - Waterloo (CMA), Ont.","2021S0503541","TFSA only","$80,000 to $89,999","","0","units","0","","78.11.10","3370","","","","0"
"2021","Kitchener - Cambridge - Waterloo (CMA), Ont.","2021S0503541","TFSA only","$90,000 to $99,999","","0","units","0","","78.11.11","2560","","","","0"
"2021","Kitchener - Cambridge - Waterloo (CMA), Ont.","2021S0503541","TFSA only","$100,000 and over ","","0","units","0","","78.11.12","8325","","","","0"
"2021","Kitchener - Cambridge - Waterloo (CMA), Ont.","2021S0503541","TFSA only","$100,000 to $149,999","","0","units","0","","78.11.13","6180","","","","0"
"2021","Kitchener - Cambridge - Waterloo (CMA), Ont.","2021S0503541","TFSA only","$150,000 to $199,999","","0","units","0","","78.11.14","1360","","","","0"
"2021","Kitchener - Cambridge - Waterloo (CMA), Ont.","2021S0503541","TFSA only","$200,000 to $249,999","","0","units","0","","78.11.15","440","","","","0"
"2021","Kitchener - Cambridge - Waterloo (CMA), Ont.","2021S0503541","TFSA only","$250,000 and over","","0","units","0","","78.11.16","350","","","","0"
"2021","Kitchener - Cambridge - Waterloo (CMA), Ont.","2021S0503541","TFSA only","Total - Age of major income earner in the household","","0","units","0","","78.11.17","40975","","","","0"
"2021","Kitchener - Cambridge - Waterloo (CMA), Ont.","2021S0503541","TFSA only","15 to 24 years","","0","units","0","","78.11.18","2495","","","","0"
"2021","Kitchener - Cambridge - Waterloo (CMA), Ont.","2021S0503541","TFSA only","25 to 34 years","","0","units","0","","78.11.19","7065","","","","0"
"2021","Kitchener - Cambridge - Waterloo (CMA), Ont.","2021S0503541","TFSA only","35 to 44 years","","0","units","0","","78.11.20","4480","","","","0"
"2021","Kitchener - Cambridge - Waterloo (CMA), Ont.","2021S0503541","TFSA only","45 to 54 years","","0","units","0","","78.11.21","3600","","","","0"
"2021","Kitchener - Cambridge - Waterloo (CMA), Ont.","2021S0503541","TFSA only","55 to 70 years","","0","units","0","","78.11.22","9930","","","","0"
"2021","Kitchener - Cambridge - Waterloo (CMA), Ont.","2021S0503541","TFSA only","71 years and over","","0","units","0","","78.11.23","13410","","","","0"
"2021","Kitchener - Cambridge - Waterloo (CMA), Ont.","2021S0503541","TFSA only","Total - Households by household size","","0","units","0","","78.11.24","40975","","","","0"
"2021","Kitchener - Cambridge - Waterloo (CMA), Ont.","2021S0503541","TFSA only","1 person","","0","units","0","","78.11.25","12230","","","","0"
"2021","Kitchener - Cambridge - Waterloo (CMA), Ont.","2021S0503541","TFSA only","2 or more persons","","0","units","0","","78.11.26","28745","","","","0"
"2021","Kitchener - Cambridge - Waterloo (CMA), Ont.","2021S0503541","TFSA only","2 persons","","0","units","0","","78.11.27","16740","","","","0"
"2021","Kitchener - Cambridge - Waterloo (CMA), Ont.","2021S0503541","TFSA only","3 persons","","0","units","0","","78.11.28","5060","","","","0"
"2021","Kitchener - Cambridge - Waterloo (CMA), Ont.","2021S0503541","TFSA only","4 persons","","0","units","0","","78.11.29","3745","","","","0"
"2021","Kitchener - Cambridge - Waterloo (CMA), Ont.","2021S0503541","TFSA only","5 or more persons","","0","units","0","","78.11.30","3205","","","","0"
"2021","Kitchener - Cambridge - Waterloo (CMA), Ont.","2021S0503541","RRSP only","Total - After-tax income of household ","","0","units","0","","78.12.1","18840","","","","0"
"2021","Kitchener - Cambridge - Waterloo (CMA), Ont.","2021S0503541","RRSP only","Under $10,000","","0","units","0","","78.12.2","55","","","","0"
"2021","Kitchener - Cambridge - Waterloo (CMA), Ont.","2021S0503541","RRSP only","$10,000 to $19,999","","0","units","0","","78.12.3","70","","","","0"
"2021","Kitchener - Cambridge - Waterloo (CMA), Ont.","2021S0503541","RRSP only","$20,000 to $29,999","","0","units","0","","78.12.4","240","","","","0"
"2021","Kitchener - Cambridge - Waterloo (CMA), Ont.","2021S0503541","RRSP only","$30,000 to $39,999","","0","units","0","","78.12.5","645","","","","0"
"2021","Kitchener - Cambridge - Waterloo (CMA), Ont.","2021S0503541","RRSP only","$40,000 to $49,999","","0","units","0","","78.12.6","1165","","","","0"
"2021","Kitchener - Cambridge - Waterloo (CMA), Ont.","2021S0503541","RRSP only","$50,000 to $59,999","","0","units","0","","78.12.7","1415","","","","0"
"2021","Kitchener - Cambridge - Waterloo (CMA), Ont.","2021S0503541","RRSP only","$60,000 to $69,999","","0","units","0","","78.12.8","1540","","","","0"
"2021","Kitchener - Cambridge - Waterloo (CMA), Ont.","2021S0503541","RRSP only","$70,000 to $79,999","","0","units","0","","78.12.9","1700","","","","0"
"2021","Kitchener - Cambridge - Waterloo (CMA), Ont.","2021S0503541","RRSP only","$80,000 to $89,999","","0","units","0","","78.12.10","1730","","","","0"
"2021","Kitchener - Cambridge - Waterloo (CMA), Ont.","2021S0503541","RRSP only","$90,000 to $99,999","","0","units","0","","78.12.11","1680","","","","0"
"2021","Kitchener - Cambridge - Waterloo (CMA), Ont.","2021S0503541","RRSP only","$100,000 and over ","","0","units","0","","78.12.12","8610","","","","0"
"2021","Kitchener - Cambridge - Waterloo (CMA), Ont.","2021S0503541","RRSP only","$100,000 to $149,999","","0","units","0","","78.12.13","5520","","","","0"
"2021","Kitchener - Cambridge - Waterloo (CMA), Ont.","2021S0503541","RRSP only","$150,000 to $199,999","","0","units","0","","78.12.14","1905","","","","0"
"2021","Kitchener - Cambridge - Waterloo (CMA), Ont.","2021S0503541","RRSP only","$200,000 to $249,999","","0","units","0","","78.12.15","650","","","","0"
"2021","Kitchener - Cambridge - Waterloo (CMA), Ont.","2021S0503541","RRSP only","$250,000 and over","","0","units","0","","78.12.16","530","","","","0"
"2021","Kitchener - Cambridge - Waterloo (CMA), Ont.","2021S0503541","RRSP only","Total - Age of major income earner in the household","","0","units","0","","78.12.17","18840","","","","0"
"2021","Kitchener - Cambridge - Waterloo (CMA), Ont.","2021S0503541","RRSP only","15 to 24 years","","0","units","0","","78.12.18","310","","","","0"
"2021","Kitchener - Cambridge - Waterloo (CMA), Ont.","2021S0503541","RRSP only","25 to 34 years","","0","units","0","","78.12.19","2815","","","","0"
"2021","Kitchener - Cambridge - Waterloo (CMA), Ont.","2021S0503541","RRSP only","35 to 44 years","","0","units","0","","78.12.20","4710","","","","0"
"2021","Kitchener - Cambridge - Waterloo (CMA), Ont.","2021S0503541","RRSP only","45 to 54 years","","0","units","0","","78.12.21","4905","","","","0"
"2021","Kitchener - Cambridge - Waterloo (CMA), Ont.","2021S0503541","RRSP only","55 to 70 years","","0","units","0","","78.12.22","5740","","","","0"
"2021","Kitchener - Cambridge - Waterloo (CMA), Ont.","2021S0503541","RRSP only","71 years and over","","0","units","0","","78.12.23","365","","","","0"
"2021","Kitchener - Cambridge - Waterloo (CMA), Ont.","2021S0503541","RRSP only","Total - Households by household size","","0","units","0","","78.12.24","18840","","","","0"
"2021","Kitchener - Cambridge - Waterloo (CMA), Ont.","2021S0503541","RRSP only","1 person","","0","units","0","","78.12.25","4090","","","","0"
"2021","Kitchener - Cambridge - Waterloo (CMA), Ont.","2021S0503541","RRSP only","2 or more persons","","0","units","0","","78.12.26","14755","","","","0"
"2021","Kitchener - Cambridge - Waterloo (CMA), Ont.","2021S0503541","RRSP only","2 persons","","0","units","0","","78.12.27","5805","","","","0"
"2021","Kitchener - Cambridge - Waterloo (CMA), Ont.","2021S0503541","RRSP only","3 persons","","0","units","0","","78.12.28","3360","","","","0"
"2021","Kitchener - Cambridge - Waterloo (CMA), Ont.","2021S0503541","RRSP only","4 persons","","0","units","0","","78.12.29","3650","","","","0"
"2021","Kitchener - Cambridge - Waterloo (CMA), Ont.","2021S0503541","RRSP only","5 or more persons","","0","units","0","","78.12.30","1930","","","","0"
"2021","Kitchener - Cambridge - Waterloo (CMA), Ont.","2021S0503541","RPP only","Total - After-tax income of household ","","0","units","0","","78.13.1","14765","","","","0"
"2021","Kitchener - Cambridge - Waterloo (CMA), Ont.","2021S0503541","RPP only","Under $10,000","","0","units","0","","78.13.2","15","","","","0"
"2021","Kitchener - Cambridge - Waterloo (CMA), Ont.","2021S0503541","RPP only","$10,000 to $19,999","","0","units","0","","78.13.3","30","","","","0"
"2021","Kitchener - Cambridge - Waterloo (CMA), Ont.","2021S0503541","RPP only","$20,000 to $29,999","","0","units","0","","78.13.4","135","","","","0"
"2021","Kitchener - Cambridge - Waterloo (CMA), Ont.","2021S0503541","RPP only","$30,000 to $39,999","","0","units","0","","78.13.5","410","","","","0"
"2021","Kitchener - Cambridge - Waterloo (CMA), Ont.","2021S0503541","RPP only","$40,000 to $49,999","","0","units","0","","78.13.6","935","","","","0"
"2021","Kitchener - Cambridge - Waterloo (CMA), Ont.","2021S0503541","RPP only","$50,000 to $59,999","","0","units","0","","78.13.7","1210","","","","0"
"2021","Kitchener - Cambridge - Waterloo (CMA), Ont.","2021S0503541","RPP only","$60,000 to $69,999","","0","units","0","","78.13.8","1315","","","","0"
"2021","Kitchener - Cambridge - Waterloo (CMA), Ont.","2021S0503541","RPP only","$70,000 to $79,999","","0","units","0","","78.13.9","1485","","","","0"
"2021","Kitchener - Cambridge - Waterloo (CMA), Ont.","2021S0503541","RPP only","$80,000 to $89,999","","0","units","0","","78.13.10","1490","","","","0"
"2021","Kitchener - Cambridge - Waterloo (CMA), Ont.","2021S0503541","RPP only","$90,000 to $99,999","","0","units","0","","78.13.11","1430","","","","0"
"2021","Kitchener - Cambridge - Waterloo (CMA), Ont.","2021S0503541","RPP only","$100,000 and over ","","0","units","0","","78.13.12","6305","","","","0"
"2021","Kitchener - Cambridge - Waterloo (CMA), Ont.","2021S0503541","RPP only","$100,000 to $149,999","","0","units","0","","78.13.13","4455","","","","0"
"2021","Kitchener - Cambridge - Waterloo (CMA), Ont.","2021S0503541","RPP only","$150,000 to $199,999","","0","units","0","","78.13.14","1380","","","","0"
"2021","Kitchener - Cambridge - Waterloo (CMA), Ont.","2021S0503541","RPP only","$200,000 to $249,999","","0","units","0","","78.13.15","365","","","","0"
"2021","Kitchener - Cambridge - Waterloo (CMA), Ont.","2021S0503541","RPP only","$250,000 and over","","0","units","0","","78.13.16","110","","","","0"
"2021","Kitchener - Cambridge - Waterloo (CMA), Ont.","2021S0503541","RPP only","Total - Age of major income earner in the household","","0","units","0","","78.13.17","14765","","","","0"
"2021","Kitchener - Cambridge - Waterloo (CMA), Ont.","2021S0503541","RPP only","15 to 24 years","","0","units","0","","78.13.18","325","","","","0"
"2021","Kitchener - Cambridge - Waterloo (CMA), Ont.","2021S0503541","RPP only","25 to 34 years","","0","units","0","","78.13.19","2625","","","","0"
"2021","Kitchener - Cambridge - Waterloo (CMA), Ont.","2021S0503541","RPP only","35 to 44 years","","0","units","0","","78.13.20","4185","","","","0"
"2021","Kitchener - Cambridge - Waterloo (CMA), Ont.","2021S0503541","RPP only","45 to 54 years","","0","units","0","","78.13.21","3965","","","","0"
"2021","Kitchener - Cambridge - Waterloo (CMA), Ont.","2021S0503541","RPP only","55 to 70 years","","0","units","0","","78.13.22","3550","","","","0"
"2021","Kitchener - Cambridge - Waterloo (CMA), Ont.","2021S0503541","RPP only","71 years and over","","0","units","0","","78.13.23","120","","","","0"
"2021","Kitchener - Cambridge - Waterloo (CMA), Ont.","2021S0503541","RPP only","Total - Households by household size","","0","units","0","","78.13.24","14765","","","","0"
"2021","Kitchener - Cambridge - Waterloo (CMA), Ont.","2021S0503541","RPP only","1 person","","0","units","0","","78.13.25","2910","","","","0"
"2021","Kitchener - Cambridge - Waterloo (CMA), Ont.","2021S0503541","RPP only","2 or more persons","","0","units","0","","78.13.26","11855","","","","0"
"2021","Kitchener - Cambridge - Waterloo (CMA), Ont.","2021S0503541","RPP only","2 persons","","0","units","0","","78.13.27","4010","","","","0"
"2021","Kitchener - Cambridge - Waterloo (CMA), Ont.","2021S0503541","RPP only","3 persons","","0","units","0","","78.13.28","2890","","","","0"
"2021","Kitchener - Cambridge - Waterloo (CMA), Ont.","2021S0503541","RPP only","4 persons","","0","units","0","","78.13.29","3110","","","","0"
"2021","Kitchener - Cambridge - Waterloo (CMA), Ont.","2021S0503541","RPP only","5 or more persons","","0","units","0","","78.13.30","1840","","","","0"
"2021","Kitchener - Cambridge - Waterloo (CMA), Ont.","2021S0503541","Contributed to two types of registered savings accounts","Total - After-tax income of household ","","0","units","0","","78.14.1","53225","","","","0"
"2021","Kitchener - Cambridge - Waterloo (CMA), Ont.","2021S0503541","Contributed to two types of registered savings accounts","Under $10,000","","0","units","0","","78.14.2","85","","","","0"
"2021","Kitchener - Cambridge - Waterloo (CMA), Ont.","2021S0503541","Contributed to two types of registered savings accounts","$10,000 to $19,999","","0","units","0","","78.14.3","90","","","","0"
"2021","Kitchener - Cambridge - Waterloo (CMA), Ont.","2021S0503541","Contributed to two types of registered savings accounts","$20,000 to $29,999","","0","units","0","","78.14.4","325","","","","0"
"2021","Kitchener - Cambridge - Waterloo (CMA), Ont.","2021S0503541","Contributed to two types of registered savings accounts","$30,000 to $39,999","","0","units","0","","78.14.5","875","","","","0"
"2021","Kitchener - Cambridge - Waterloo (CMA), Ont.","2021S0503541","Contributed to two types of registered savings accounts","$40,000 to $49,999","","0","units","0","","78.14.6","1860","","","","0"
"2021","Kitchener - Cambridge - Waterloo (CMA), Ont.","2021S0503541","Contributed to two types of registered savings accounts","$50,000 to $59,999","","0","units","0","","78.14.7","2660","","","","0"
"2021","Kitchener - Cambridge - Waterloo (CMA), Ont.","2021S0503541","Contributed to two types of registered savings accounts","$60,000 to $69,999","","0","units","0","","78.14.8","3395","","","","0"
"2021","Kitchener - Cambridge - Waterloo (CMA), Ont.","2021S0503541","Contributed to two types of registered savings accounts","$70,000 to $79,999","","0","units","0","","78.14.9","3830","","","","0"
"2021","Kitchener - Cambridge - Waterloo (CMA), Ont.","2021S0503541","Contributed to two types of registered savings accounts","$80,000 to $89,999","","0","units","0","","78.14.10","4405","","","","0"
"2021","Kitchener - Cambridge - Waterloo (CMA), Ont.","2021S0503541","Contributed to two types of registered savings accounts","$90,000 to $99,999","","0","units","0","","78.14.11","4600","","","","0"
"2021","Kitchener - Cambridge - Waterloo (CMA), Ont.","2021S0503541","Contributed to two types of registered savings accounts","$100,000 and over ","","0","units","0","","78.14.12","31095","","","","0"
"2021","Kitchener - Cambridge - Waterloo (CMA), Ont.","2021S0503541","Contributed to two types of registered savings accounts","$100,000 to $149,999","","0","units","0","","78.14.13","18260","","","","0"
"2021","Kitchener - Cambridge - Waterloo (CMA), Ont.","2021S0503541","Contributed to two types of registered savings accounts","$150,000 to $199,999","","0","units","0","","78.14.14","8035","","","","0"
"2021","Kitchener - Cambridge - Waterloo (CMA), Ont.","2021S0503541","Contributed to two types of registered savings accounts","$200,000 to $249,999","","0","units","0","","78.14.15","2805","","","","0"
"2021","Kitchener - Cambridge - Waterloo (CMA), Ont.","2021S0503541","Contributed to two types of registered savings accounts","$250,000 and over","","0","units","0","","78.14.16","1995","","","","0"
"2021","Kitchener - Cambridge - Waterloo (CMA), Ont.","2021S0503541","Contributed to two types of registered savings accounts","Total - Age of major income earner in the household","","0","units","0","","78.14.17","53225","","","","0"
"2021","Kitchener - Cambridge - Waterloo (CMA), Ont.","2021S0503541","Contributed to two types of registered savings accounts","15 to 24 years","","0","units","0","","78.14.18","980","","","","0"
"2021","Kitchener - Cambridge - Waterloo (CMA), Ont.","2021S0503541","Contributed to two types of registered savings accounts","25 to 34 years","","0","units","0","","78.14.19","11220","","","","0"
"2021","Kitchener - Cambridge - Waterloo (CMA), Ont.","2021S0503541","Contributed to two types of registered savings accounts","35 to 44 years","","0","units","0","","78.14.20","12935","","","","0"
"2021","Kitchener - Cambridge - Waterloo (CMA), Ont.","2021S0503541","Contributed to two types of registered savings accounts","45 to 54 years","","0","units","0","","78.14.21","12870","","","","0"
"2021","Kitchener - Cambridge - Waterloo (CMA), Ont.","2021S0503541","Contributed to two types of registered savings accounts","55 to 70 years","","0","units","0","","78.14.22","14310","","","","0"
"2021","Kitchener - Cambridge - Waterloo (CMA), Ont.","2021S0503541","Contributed to two types of registered savings accounts","71 years and over","","0","units","0","","78.14.23","910","","","","0"
"2021","Kitchener - Cambridge - Waterloo (CMA), Ont.","2021S0503541","Contributed to two types of registered savings accounts","Total - Households by household size","","0","units","0","","78.14.24","53225","","","","0"
"2021","Kitchener - Cambridge - Waterloo (CMA), Ont.","2021S0503541","Contributed to two types of registered savings accounts","1 person","","0","units","0","","78.14.25","7710","","","","0"
"2021","Kitchener - Cambridge - Waterloo (CMA), Ont.","2021S0503541","Contributed to two types of registered savings accounts","2 or more persons","","0","units","0","","78.14.26","45515","","","","0"
"2021","Kitchener - Cambridge - Waterloo (CMA), Ont.","2021S0503541","Contributed to two types of registered savings accounts","2 persons","","0","units","0","","78.14.27","16535","","","","0"
"2021","Kitchener - Cambridge - Waterloo (CMA), Ont.","2021S0503541","Contributed to two types of registered savings accounts","3 persons","","0","units","0","","78.14.28","10790","","","","0"
"2021","Kitchener - Cambridge - Waterloo (CMA), Ont.","2021S0503541","Contributed to two types of registered savings accounts","4 persons","","0","units","0","","78.14.29","11820","","","","0"
"2021","Kitchener - Cambridge - Waterloo (CMA), Ont.","2021S0503541","Contributed to two types of registered savings accounts","5 or more persons","","0","units","0","","78.14.30","6370","","","","0"
"2021","Kitchener - Cambridge - Waterloo (CMA), Ont.","2021S0503541","TFSA and RRSP","Total - After-tax income of household ","","0","units","0","","78.15.1","27515","","","","0"
"2021","Kitchener - Cambridge - Waterloo (CMA), Ont.","2021S0503541","TFSA and RRSP","Under $10,000","","0","units","0","","78.15.2","80","","","","0"
"2021","Kitchener - Cambridge - Waterloo (CMA), Ont.","2021S0503541","TFSA and RRSP","$10,000 to $19,999","","0","units","0","","78.15.3","70","","","","0"
"2021","Kitchener - Cambridge - Waterloo (CMA), Ont.","2021S0503541","TFSA and RRSP","$20,000 to $29,999","","0","units","0","","78.15.4","250","","","","0"
"2021","Kitchener - Cambridge - Waterloo (CMA), Ont.","2021S0503541","TFSA and RRSP","$30,000 to $39,999","","0","units","0","","78.15.5","580","","","","0"
"2021","Kitchener - Cambridge - Waterloo (CMA), Ont.","2021S0503541","TFSA and RRSP","$40,000 to $49,999","","0","units","0","","78.15.6","1090","","","","0"
"2021","Kitchener - Cambridge - Waterloo (CMA), Ont.","2021S0503541","TFSA and RRSP","$50,000 to $59,999","","0","units","0","","78.15.7","1490","","","","0"
"2021","Kitchener - Cambridge - Waterloo (CMA), Ont.","2021S0503541","TFSA and RRSP","$60,000 to $69,999","","0","units","0","","78.15.8","1885","","","","0"
"2021","Kitchener - Cambridge - Waterloo (CMA), Ont.","2021S0503541","TFSA and RRSP","$70,000 to $79,999","","0","units","0","","78.15.9","2095","","","","0"
"2021","Kitchener - Cambridge - Waterloo (CMA), Ont.","2021S0503541","TFSA and RRSP","$80,000 to $89,999","","0","units","0","","78.15.10","2365","","","","0"
"2021","Kitchener - Cambridge - Waterloo (CMA), Ont.","2021S0503541","TFSA and RRSP","$90,000 to $99,999","","0","units","0","","78.15.11","2360","","","","0"
"2021","Kitchener - Cambridge - Waterloo (CMA), Ont.","2021S0503541","TFSA and RRSP","$100,000 and over ","","0","units","0","","78.15.12","15260","","","","0"
"2021","Kitchener - Cambridge - Waterloo (CMA), Ont.","2021S0503541","TFSA and RRSP","$100,000 to $149,999","","0","units","0","","78.15.13","8780","","","","0"
"2021","Kitchener - Cambridge - Waterloo (CMA), Ont.","2021S0503541","TFSA and RRSP","$150,000 to $199,999","","0","units","0","","78.15.14","3650","","","","0"
"2021","Kitchener - Cambridge - Waterloo (CMA), Ont.","2021S0503541","TFSA and RRSP","$200,000 to $249,999","","0","units","0","","78.15.15","1500","","","","0"
"2021","Kitchener - Cambridge - Waterloo (CMA), Ont.","2021S0503541","TFSA and RRSP","$250,000 and over","","0","units","0","","78.15.16","1325","","","","0"
"2021","Kitchener - Cambridge - Waterloo (CMA), Ont.","2021S0503541","TFSA and RRSP","Total - Age of major income earner in the household","","0","units","0","","78.15.17","27515","","","","0"
"2021","Kitchener - Cambridge - Waterloo (CMA), Ont.","2021S0503541","TFSA and RRSP","15 to 24 years","","0","units","0","","78.15.18","590","","","","0"
"2021","Kitchener - Cambridge - Waterloo (CMA), Ont.","2021S0503541","TFSA and RRSP","25 to 34 years","","0","units","0","","78.15.19","6235","","","","0"
"2021","Kitchener - Cambridge - Waterloo (CMA), Ont.","2021S0503541","TFSA and RRSP","35 to 44 years","","0","units","0","","78.15.20","6150","","","","0"
"2021","Kitchener - Cambridge - Waterloo (CMA), Ont.","2021S0503541","TFSA and RRSP","45 to 54 years","","0","units","0","","78.15.21","5925","","","","0"
"2021","Kitchener - Cambridge - Waterloo (CMA), Ont.","2021S0503541","TFSA and RRSP","55 to 70 years","","0","units","0","","78.15.22","7925","","","","0"
"2021","Kitchener - Cambridge - Waterloo (CMA), Ont.","2021S0503541","TFSA and RRSP","71 years and over","","0","units","0","","78.15.23","690","","","","0"
"2021","Kitchener - Cambridge - Waterloo (CMA), Ont.","2021S0503541","TFSA and RRSP","Total - Households by household size","","0","units","0","","78.15.24","27515","","","","0"
"2021","Kitchener - Cambridge - Waterloo (CMA), Ont.","2021S0503541","TFSA and RRSP","1 person","","0","units","0","","78.15.25","4535","","","","0"
"2021","Kitchener - Cambridge - Waterloo (CMA), Ont.","2021S0503541","TFSA and RRSP","2 or more persons","","0","units","0","","78.15.26","22980","","","","0"
"2021","Kitchener - Cambridge - Waterloo (CMA), Ont.","2021S0503541","TFSA and RRSP","2 persons","","0","units","0","","78.15.27","9270","","","","0"
"2021","Kitchener - Cambridge - Waterloo (CMA), Ont.","2021S0503541","TFSA and RRSP","3 persons","","0","units","0","","78.15.28","5400","","","","0"
"2021","Kitchener - Cambridge - Waterloo (CMA), Ont.","2021S0503541","TFSA and RRSP","4 persons","","0","units","0","","78.15.29","5365","","","","0"
"2021","Kitchener - Cambridge - Waterloo (CMA), Ont.","2021S0503541","TFSA and RRSP","5 or more persons","","0","units","0","","78.15.30","2940","","","","0"
"2021","Kitchener - Cambridge - Waterloo (CMA), Ont.","2021S0503541","RRSP and RPP","Total - After-tax income of household ","","0","units","0","","78.16.1","12480","","","","0"
"2021","Kitchener - Cambridge - Waterloo (CMA), Ont.","2021S0503541","RRSP and RPP","$10,000 to $19,999","","0","units","0","","78.16.3","5","","","","0"
"2021","Kitchener - Cambridge - Waterloo (CMA), Ont.","2021S0503541","RRSP and RPP","$20,000 to $29,999","","0","units","0","","78.16.4","15","","","","0"
"2021","Kitchener - Cambridge - Waterloo (CMA), Ont.","2021S0503541","RRSP and RPP","$30,000 to $39,999","","0","units","0","","78.16.5","80","","","","0"
"2021","Kitchener - Cambridge - Waterloo (CMA), Ont.","2021S0503541","RRSP and RPP","$40,000 to $49,999","","0","units","0","","78.16.6","240","","","","0"
"2021","Kitchener - Cambridge - Waterloo (CMA), Ont.","2021S0503541","RRSP and RPP","$50,000 to $59,999","","0","units","0","","78.16.7","390","","","","0"
"2021","Kitchener - Cambridge - Waterloo (CMA), Ont.","2021S0503541","RRSP and RPP","$60,000 to $69,999","","0","units","0","","78.16.8","555","","","","0"
"2021","Kitchener - Cambridge - Waterloo (CMA), Ont.","2021S0503541","RRSP and RPP","$70,000 to $79,999","","0","units","0","","78.16.9","680","","","","0"
"2021","Kitchener - Cambridge - Waterloo (CMA), Ont.","2021S0503541","RRSP and RPP","$80,000 to $89,999","","0","units","0","","78.16.10","810","","","","0"
"2021","Kitchener - Cambridge - Waterloo (CMA), Ont.","2021S0503541","RRSP and RPP","$90,000 to $99,999","","0","units","0","","78.16.11","950","","","","0"
"2021","Kitchener - Cambridge - Waterloo (CMA), Ont.","2021S0503541","RRSP and RPP","$100,000 and over ","","0","units","0","","78.16.12","8760","","","","0"
"2021","Kitchener - Cambridge - Waterloo (CMA), Ont.","2021S0503541","RRSP and RPP","$100,000 to $149,999","","0","units","0","","78.16.13","4935","","","","0"
"2021","Kitchener - Cambridge - Waterloo (CMA), Ont.","2021S0503541","RRSP and RPP","$150,000 to $199,999","","0","units","0","","78.16.14","2575","","","","0"
"2021","Kitchener - Cambridge - Waterloo (CMA), Ont.","2021S0503541","RRSP and RPP","$200,000 to $249,999","","0","units","0","","78.16.15","810","","","","0"
"2021","Kitchener - Cambridge - Waterloo (CMA), Ont.","2021S0503541","RRSP and RPP","$250,000 and over","","0","units","0","","78.16.16","435","","","","0"
"2021","Kitchener - Cambridge - Waterloo (CMA), Ont.","2021S0503541","RRSP and RPP","Total - Age of major income earner in the household","","0","units","0","","78.16.17","12480","","","","0"
"2021","Kitchener - Cambridge - Waterloo (CMA), Ont.","2021S0503541","RRSP and RPP","15 to 24 years","","0","units","0","","78.16.18","65","","","","0"
"2021","Kitchener - Cambridge - Waterloo (CMA), Ont.","2021S0503541","RRSP and RPP","25 to 34 years","","0","units","0","","78.16.19","1475","","","","0"
"2021","Kitchener - Cambridge - Waterloo (CMA), Ont.","2021S0503541","RRSP and RPP","35 to 44 years","","0","units","0","","78.16.20","3640","","","","0"
"2021","Kitchener - Cambridge - Waterloo (CMA), Ont.","2021S0503541","RRSP and RPP","45 to 54 years","","0","units","0","","78.16.21","4020","","","","0"
"2021","Kitchener - Cambridge - Waterloo (CMA), Ont.","2021S0503541","RRSP and RPP","55 to 70 years","","0","units","0","","78.16.22","3235","","","","0"
"2021","Kitchener - Cambridge - Waterloo (CMA), Ont.","2021S0503541","RRSP and RPP","71 years and over","","0","units","0","","78.16.23","50","","","","0"
"2021","Kitchener - Cambridge - Waterloo (CMA), Ont.","2021S0503541","RRSP and RPP","Total - Households by household size","","0","units","0","","78.16.24","12480","","","","0"
"2021","Kitchener - Cambridge - Waterloo (CMA), Ont.","2021S0503541","RRSP and RPP","1 person","","0","units","0","","78.16.25","1330","","","","0"
"2021","Kitchener - Cambridge - Waterloo (CMA), Ont.","2021S0503541","RRSP and RPP","2 or more persons","","0","units","0","","78.16.26","11150","","","","0"
"2021","Kitchener - Cambridge - Waterloo (CMA), Ont.","2021S0503541","RRSP and RPP","2 persons","","0","units","0","","78.16.27","3305","","","","0"
"2021","Kitchener - Cambridge - Waterloo (CMA), Ont.","2021S0503541","RRSP and RPP","3 persons","","0","units","0","","78.16.28","2590","","","","0"
"2021","Kitchener - Cambridge - Waterloo (CMA), Ont.","2021S0503541","RRSP and RPP","4 persons","","0","units","0","","78.16.29","3630","","","","0"
"2021","Kitchener - Cambridge - Waterloo (CMA), Ont.","2021S0503541","RRSP and RPP","5 or more persons","","0","units","0","","78.16.30","1630","","","","0"
"2021","Kitchener - Cambridge - Waterloo (CMA), Ont.","2021S0503541","RPP and TFSA","Total - After-tax income of household ","","0","units","0","","78.17.1","13230","","","","0"
"2021","Kitchener - Cambridge - Waterloo (CMA), Ont.","2021S0503541","RPP and TFSA","Under $10,000","","0","units","0","","78.17.2","10","","","","0"
"2021","Kitchener - Cambridge - Waterloo (CMA), Ont.","2021S0503541","RPP and TFSA","$10,000 to $19,999","","0","units","0","","78.17.3","15","","","","0"
"2021","Kitchener - Cambridge - Waterloo (CMA), Ont.","2021S0503541","RPP and TFSA","$20,000 to $29,999","","0","units","0","","78.17.4","65","","","","0"
"2021","Kitchener - Cambridge - Waterloo (CMA), Ont.","2021S0503541","RPP and TFSA","$30,000 to $39,999","","0","units","0","","78.17.5","220","","","","0"
"2021","Kitchener - Cambridge - Waterloo (CMA), Ont.","2021S0503541","RPP and TFSA","$40,000 to $49,999","","0","units","0","","78.17.6","525","","","","0"
"2021","Kitchener - Cambridge - Waterloo (CMA), Ont.","2021S0503541","RPP and TFSA","$50,000 to $59,999","","0","units","0","","78.17.7","785","","","","0"
"2021","Kitchener - Cambridge - Waterloo (CMA), Ont.","2021S0503541","RPP and TFSA","$60,000 to $69,999","","0","units","0","","78.17.8","955","","","","0"
"2021","Kitchener - Cambridge - Waterloo (CMA), Ont.","2021S0503541","RPP and TFSA","$70,000 to $79,999","","0","units","0","","78.17.9","1055","","","","0"
"2021","Kitchener - Cambridge - Waterloo (CMA), Ont.","2021S0503541","RPP and TFSA","$80,000 to $89,999","","0","units","0","","78.17.10","1235","","","","0"
"2021","Kitchener - Cambridge - Waterloo (CMA), Ont.","2021S0503541","RPP and TFSA","$90,000 to $99,999","","0","units","0","","78.17.11","1290","","","","0"
"2021","Kitchener - Cambridge - Waterloo (CMA), Ont.","2021S0503541","RPP and TFSA","$100,000 and over ","","0","units","0","","78.17.12","7080","","","","0"
"2021","Kitchener - Cambridge - Waterloo (CMA), Ont.","2021S0503541","RPP and TFSA","$100,000 to $149,999","","0","units","0","","78.17.13","4545","","","","0"
"2021","Kitchener - Cambridge - Waterloo (CMA), Ont.","2021S0503541","RPP and TFSA","$150,000 to $199,999","","0","units","0","","78.17.14","1810","","","","0"
"2021","Kitchener - Cambridge - Waterloo (CMA), Ont.","2021S0503541","RPP and TFSA","$200,000 to $249,999","","0","units","0","","78.17.15","485","","","","0"
"2021","Kitchener - Cambridge - Waterloo (CMA), Ont.","2021S0503541","RPP and TFSA","$250,000 and over","","0","units","0","","78.17.16","230","","","","0"
"2021","Kitchener - Cambridge - Waterloo (CMA), Ont.","2021S0503541","RPP and TFSA","Total - Age of major income earner in the household","","0","units","0","","78.17.17","13230","","","","0"
"2021","Kitchener - Cambridge - Waterloo (CMA), Ont.","2021S0503541","RPP and TFSA","15 to 24 years","","0","units","0","","78.17.18","330","","","","0"
"2021","Kitchener - Cambridge - Waterloo (CMA), Ont.","2021S0503541","RPP and TFSA","25 to 34 years","","0","units","0","","78.17.19","3515","","","","0"
"2021","Kitchener - Cambridge - Waterloo (CMA), Ont.","2021S0503541","RPP and TFSA","35 to 44 years","","0","units","0","","78.17.20","3145","","","","0"
"2021","Kitchener - Cambridge - Waterloo (CMA), Ont.","2021S0503541","RPP and TFSA","45 to 54 years","","0","units","0","","78.17.21","2920","","","","0"
"2021","Kitchener - Cambridge - Waterloo (CMA), Ont.","2021S0503541","RPP and TFSA","55 to 70 years","","0","units","0","","78.17.22","3145","","","","0"
"2021","Kitchener - Cambridge - Waterloo (CMA), Ont.","2021S0503541","RPP and TFSA","71 years and over","","0","units","0","","78.17.23","170","","","","0"
"2021","Kitchener - Cambridge - Waterloo (CMA), Ont.","2021S0503541","RPP and TFSA","Total - Households by household size","","0","units","0","","78.17.24","13230","","","","0"
"2021","Kitchener - Cambridge - Waterloo (CMA), Ont.","2021S0503541","RPP and TFSA","1 person","","0","units","0","","78.17.25","1845","","","","0"
"2021","Kitchener - Cambridge - Waterloo (CMA), Ont.","2021S0503541","RPP and TFSA","2 or more persons","","0","units","0","","78.17.26","11380","","","","0"
"2021","Kitchener - Cambridge - Waterloo (CMA), Ont.","2021S0503541","RPP and TFSA","2 persons","","0","units","0","","78.17.27","3960","","","","0"
"2021","Kitchener - Cambridge - Waterloo (CMA), Ont.","2021S0503541","RPP and TFSA","3 persons","","0","units","0","","78.17.28","2800","","","","0"
"2021","Kitchener - Cambridge - Waterloo (CMA), Ont.","2021S0503541","RPP and TFSA","4 persons","","0","units","0","","78.17.29","2825","","","","0"
"2021","Kitchener - Cambridge - Waterloo (CMA), Ont.","2021S0503541","RPP and TFSA","5 or more persons","","0","units","0","","78.17.30","1805","","","","0"
"2021","Kitchener - Cambridge - Waterloo (CMA), Ont.","2021S0503541","Contributed to all three types of registered savings accounts (TFSA, RRSP and RPP)","Total - After-tax income of household ","","0","units","0","","78.18.1","24170","","","","0"
"2021","Kitchener - Cambridge - Waterloo (CMA), Ont.","2021S0503541","Contributed to all three types of registered savings accounts (TFSA, RRSP and RPP)","Under $10,000","","0","units","0","","78.18.2","20","","","","0"
"2021","Kitchener - Cambridge - Waterloo (CMA), Ont.","2021S0503541","Contributed to all three types of registered savings accounts (TFSA, RRSP and RPP)","$10,000 to $19,999","","0","units","0","","78.18.3","5","","","","0"
"2021","Kitchener - Cambridge - Waterloo (CMA), Ont.","2021S0503541","Contributed to all three types of registered savings accounts (TFSA, RRSP and RPP)","$20,000 to $29,999","","0","units","0","","78.18.4","15","","","","0"
"2021","Kitchener - Cambridge - Waterloo (CMA), Ont.","2021S0503541","Contributed to all three types of registered savings accounts (TFSA, RRSP and RPP)","$30,000 to $39,999","","0","units","0","","78.18.5","95","","","","0"
"2021","Kitchener - Cambridge - Waterloo (CMA), Ont.","2021S0503541","Contributed to all three types of registered savings accounts (TFSA, RRSP and RPP)","$40,000 to $49,999","","0","units","0","","78.18.6","310","","","","0"
"2021","Kitchener - Cambridge - Waterloo (CMA), Ont.","2021S0503541","Contributed to all three types of registered savings accounts (TFSA, RRSP and RPP)","$50,000 to $59,999","","0","units","0","","78.18.7","535","","","","0"
"2021","Kitchener - Cambridge - Waterloo (CMA), Ont.","2021S0503541","Contributed to all three types of registered savings accounts (TFSA, RRSP and RPP)","$60,000 to $69,999","","0","units","0","","78.18.8","690","","","","0"
"2021","Kitchener - Cambridge - Waterloo (CMA), Ont.","2021S0503541","Contributed to all three types of registered savings accounts (TFSA, RRSP and RPP)","$70,000 to $79,999","","0","units","0","","78.18.9","985","","","","0"
"2021","Kitchener - Cambridge - Waterloo (CMA), Ont.","2021S0503541","Contributed to all three types of registered savings accounts (TFSA, RRSP and RPP)","$80,000 to $89,999","","0","units","0","","78.18.10","1340","","","","0"
"2021","Kitchener - Cambridge - Waterloo (CMA), Ont.","2021S0503541","Contributed to all three types of registered savings accounts (TFSA, RRSP and RPP)","$90,000 to $99,999","","0","units","0","","78.18.11","1580","","","","0"
"2021","Kitchener - Cambridge - Waterloo (CMA), Ont.","2021S0503541","Contributed to all three types of registered savings accounts (TFSA, RRSP and RPP)","$100,000 and over ","","0","units","0","","78.18.12","18595","","","","0"
"2021","Kitchener - Cambridge - Waterloo (CMA), Ont.","2021S0503541","Contributed to all three types of registered savings accounts (TFSA, RRSP and RPP)","$100,000 to $149,999","","0","units","0","","78.18.13","9050","","","","0"
"2021","Kitchener - Cambridge - Waterloo (CMA), Ont.","2021S0503541","Contributed to all three types of registered savings accounts (TFSA, RRSP and RPP)","$150,000 to $199,999","","0","units","0","","78.18.14","5810","","","","0"
"2021","Kitchener - Cambridge - Waterloo (CMA), Ont.","2021S0503541","Contributed to all three types of registered savings accounts (TFSA, RRSP and RPP)","$200,000 to $249,999","","0","units","0","","78.18.15","2250","","","","0"
"2021","Kitchener - Cambridge - Waterloo (CMA), Ont.","2021S0503541","Contributed to all three types of registered savings accounts (TFSA, RRSP and RPP)","$250,000 and over","","0","units","0","","78.18.16","1485","","","","0"
"2021","Kitchener - Cambridge - Waterloo (CMA), Ont.","2021S0503541","Contributed to all three types of registered savings accounts (TFSA, RRSP and RPP)","Total - Age of major income earner in the household","","0","units","0","","78.18.17","24170","","","","0"
"2021","Kitchener - Cambridge - Waterloo (CMA), Ont.","2021S0503541","Contributed to all three types of registered savings accounts (TFSA, RRSP and RPP)","15 to 24 years","","0","units","0","","78.18.18","230","","","","0"
"2021","Kitchener - Cambridge - Waterloo (CMA), Ont.","2021S0503541","Contributed to all three types of registered savings accounts (TFSA, RRSP and RPP)","25 to 34 years","","0","units","0","","78.18.19","4615","","","","0"
"2021","Kitchener - Cambridge - Waterloo (CMA), Ont.","2021S0503541","Contributed to all three types of registered savings accounts (TFSA, RRSP and RPP)","35 to 44 years","","0","units","0","","78.18.20","6205","","","","0"
"2021","Kitchener - Cambridge - Waterloo (CMA), Ont.","2021S0503541","Contributed to all three types of registered savings accounts (TFSA, RRSP and RPP)","45 to 54 years","","0","units","0","","78.18.21","6550","","","","0"
"2021","Kitchener - Cambridge - Waterloo (CMA), Ont.","2021S0503541","Contributed to all three types of registered savings accounts (TFSA, RRSP and RPP)","55 to 70 years","","0","units","0","","78.18.22","6445","","","","0"
"2021","Kitchener - Cambridge - Waterloo (CMA), Ont.","2021S0503541","Contributed to all three types of registered savings accounts (TFSA, RRSP and RPP)","71 years and over","","0","units","0","","78.18.23","125","","","","0"
"2021","Kitchener - Cambridge - Waterloo (CMA), Ont.","2021S0503541","Contributed to all three types of registered savings accounts (TFSA, RRSP and RPP)","Total - Households by household size","","0","units","0","","78.18.24","24170","","","","0"
"2021","Kitchener - Cambridge - Waterloo (CMA), Ont.","2021S0503541","Contributed to all three types of registered savings accounts (TFSA, RRSP and RPP)","1 person","","0","units","0","","78.18.25","2065","","","","0"
"2021","Kitchener - Cambridge - Waterloo (CMA), Ont.","2021S0503541","Contributed to all three types of registered savings accounts (TFSA, RRSP and RPP)","2 or more persons","","0","units","0","","78.18.26","22105","","","","0"
"2021","Kitchener - Cambridge - Waterloo (CMA), Ont.","2021S0503541","Contributed to all three types of registered savings accounts (TFSA, RRSP and RPP)","2 persons","","0","units","0","","78.18.27","7010","","","","0"
"2021","Kitchener - Cambridge - Waterloo (CMA), Ont.","2021S0503541","Contributed to all three types of registered savings accounts (TFSA, RRSP and RPP)","3 persons","","0","units","0","","78.18.28","5395","","","","0"
"2021","Kitchener - Cambridge - Waterloo (CMA), Ont.","2021S0503541","Contributed to all three types of registered savings accounts (TFSA, RRSP and RPP)","4 persons","","0","units","0","","78.18.29","6495","","","","0"
"2021","Kitchener - Cambridge - Waterloo (CMA), Ont.","2021S0503541","Contributed to all three types of registered savings accounts (TFSA, RRSP and RPP)","5 or more persons","","0","units","0","","78.18.30","3195","","","","0"


